day,evolvedTemp,currentTemp,competition,species,treatID,repNum,repID,singlePass,fullSlide,passConvert,count
0,25,25,FALSE,rotifer,E25HR,1,A,,6,0,6
0,25,30,FALSE,rotifer,E25NR,1,B,,5,0,5
0,30,30,FALSE,rotifer,E30HR,1,C,,6,0,6
0,30,25,FALSE,rotifer,E30NR,1,D,,6,0,6
0,25,25,FALSE,protist,HP,1,E,,13,0,13
0,25,30,FALSE,protist,NP,1,F,,20,0,20
0,25,25,TRUE,rotifer,E25HRP,1,G,,4,0,4
0,25,25,TRUE,protist,E25HRP,1,G,,15,0,15
0,25,30,TRUE,rotifer,E25NRP,1,H,,0,0,0
0,25,30,TRUE,protist,E25NRP,1,H,,6,0,6
0,30,30,TRUE,rotifer,E30HRP,1,I,,4,0,4
0,30,30,TRUE,protist,E30HRP,1,I,,12,0,12
0,30,25,TRUE,rotifer,E30NRP,1,J,,1,0,1
0,30,25,TRUE,protist,E30NRP,1,J,,7,0,7
0,25,25,FALSE,rotifer,E25HR,2,A,,2,0,2
0,25,30,FALSE,rotifer,E25NR,2,B,,5,0,5
0,30,30,FALSE,rotifer,E30HR,2,C,,4,0,4
0,30,25,FALSE,rotifer,E30NR,2,D,,6,0,6
0,25,25,FALSE,protist,HP,2,E,,15,0,15
0,25,30,FALSE,protist,NP,2,F,,11,0,11
0,25,25,TRUE,rotifer,E25HRP,2,G,,3,0,3
0,25,25,TRUE,protist,E25HRP,2,G,,11,0,11
0,25,30,TRUE,rotifer,E25NRP,2,H,,0,0,0
0,25,30,TRUE,protist,E25NRP,2,H,,17,0,17
0,30,30,TRUE,rotifer,E30HRP,2,I,,5,0,5
0,30,30,TRUE,protist,E30HRP,2,I,,16,0,16
0,30,25,TRUE,rotifer,E30NRP,2,J,,5,0,5
0,30,25,TRUE,protist,E30NRP,2,J,,12,0,12
0,25,25,FALSE,rotifer,E25HR,3,A,,5,0,5
0,25,30,FALSE,rotifer,E25NR,3,B,,3,0,3
0,30,30,FALSE,rotifer,E30HR,3,C,,7,0,7
0,30,25,FALSE,rotifer,E30NR,3,D,,6,0,6
0,25,25,FALSE,protist,HP,3,E,,12,0,12
0,25,30,FALSE,protist,NP,3,F,,7,0,7
0,25,25,TRUE,rotifer,E25HRP,3,G,,7,0,7
0,25,25,TRUE,protist,E25HRP,3,G,,19,0,19
0,25,30,TRUE,rotifer,E25NRP,3,H,,2,0,2
0,25,30,TRUE,protist,E25NRP,3,H,,19,0,19
0,30,30,TRUE,rotifer,E30HRP,3,I,,5,0,5
0,30,30,TRUE,protist,E30HRP,3,I,,20,0,20
0,30,25,TRUE,rotifer,E30NRP,3,J,,6,0,6
0,30,25,TRUE,protist,E30NRP,3,J,,17,0,17
0,25,25,FALSE,rotifer,E25HR,4,A,,15,0,15
0,25,30,FALSE,rotifer,E25NR,4,B,,8,0,8
0,30,30,FALSE,rotifer,E30HR,4,C,,6,0,6
0,30,25,FALSE,rotifer,E30NR,4,D,,7,0,7
0,25,25,FALSE,protist,HP,4,E,,9,0,9
0,25,30,FALSE,protist,NP,4,F,,17,0,17
0,25,25,TRUE,rotifer,E25HRP,4,G,,8,0,8
0,25,25,TRUE,protist,E25HRP,4,G,,17,0,17
0,25,30,TRUE,rotifer,E25NRP,4,H,,7,0,7
0,25,30,TRUE,protist,E25NRP,4,H,,18,0,18
0,30,30,TRUE,rotifer,E30HRP,4,I,,4,0,4
0,30,30,TRUE,protist,E30HRP,4,I,,14,0,14
0,30,25,TRUE,rotifer,E30NRP,4,J,,7,0,7
0,30,25,TRUE,protist,E30NRP,4,J,,8,0,8
0,25,25,FALSE,rotifer,E25HR,5,A,,7,0,7
0,25,30,FALSE,rotifer,E25NR,5,B,,7,0,7
0,30,30,FALSE,rotifer,E30HR,5,C,,9,0,9
0,30,25,FALSE,rotifer,E30NR,5,D,,6,0,6
0,25,25,FALSE,protist,HP,5,E,,13,0,13
0,25,30,FALSE,protist,NP,5,F,,15,0,15
0,25,25,TRUE,rotifer,E25HRP,5,G,,7,0,7
0,25,25,TRUE,protist,E25HRP,5,G,,10,0,10
0,25,30,TRUE,rotifer,E25NRP,5,H,,5,0,5
0,25,30,TRUE,protist,E25NRP,5,H,,12,0,12
0,30,30,TRUE,rotifer,E30HRP,5,I,,12,0,12
0,30,30,TRUE,protist,E30HRP,5,I,,15,0,15
0,30,25,TRUE,rotifer,E30NRP,5,J,,13,0,13
0,30,25,TRUE,protist,E30NRP,5,J,,17,0,17
0,25,25,FALSE,rotifer,E25HR,6,A,,5,0,5
0,25,30,FALSE,rotifer,E25NR,6,B,,6,0,6
0,30,30,FALSE,rotifer,E30HR,6,C,,8,0,8
0,30,25,FALSE,rotifer,E30NR,6,D,,1,0,1
0,25,25,FALSE,protist,HP,6,E,,9,0,9
0,25,30,FALSE,protist,NP,6,F,,15,0,15
0,25,25,TRUE,rotifer,E25HRP,6,G,,12,0,12
0,25,25,TRUE,protist,E25HRP,6,G,,17,0,17
0,25,30,TRUE,rotifer,E25NRP,6,H,,5,0,5
0,25,30,TRUE,protist,E25NRP,6,H,,31,0,31
0,30,30,TRUE,rotifer,E30HRP,6,I,,7,0,7
0,30,30,TRUE,protist,E30HRP,6,I,,20,0,20
0,30,25,TRUE,rotifer,E30NRP,6,J,,5,0,5
0,30,25,TRUE,protist,E30NRP,6,J,,17,0,17
0,25,25,FALSE,rotifer,E25HR,7,A,,3,0,3
0,25,30,FALSE,rotifer,E25NR,7,B,,5,0,5
0,30,30,FALSE,rotifer,E30HR,7,C,,9,0,9
0,30,25,FALSE,rotifer,E30NR,7,D,,5,0,5
0,25,25,FALSE,protist,HP,7,E,,17,0,17
0,25,30,FALSE,protist,NP,7,F,,23,0,23
0,25,25,TRUE,rotifer,E25HRP,7,G,,7,0,7
0,25,25,TRUE,protist,E25HRP,7,G,,14,0,14
0,25,30,TRUE,rotifer,E25NRP,7,H,,8,0,8
0,25,30,TRUE,protist,E25NRP,7,H,,30,0,30
0,30,30,TRUE,rotifer,E30HRP,7,I,,6,0,6
0,30,30,TRUE,protist,E30HRP,7,I,,20,0,20
0,30,25,TRUE,rotifer,E30NRP,7,J,,11,0,11
0,30,25,TRUE,protist,E30NRP,7,J,,20,0,20
0,25,25,FALSE,rotifer,E25HR,8,A,,7,0,7
0,25,30,FALSE,rotifer,E25NR,8,B,,5,0,5
0,30,30,FALSE,rotifer,E30HR,8,C,,5,0,5
0,30,25,FALSE,rotifer,E30NR,8,D,,3,0,3
0,25,25,FALSE,protist,HP,8,E,,18,0,18
0,25,30,FALSE,protist,NP,8,F,,28,0,28
0,25,25,TRUE,rotifer,E25HRP,8,G,,3,0,3
0,25,25,TRUE,protist,E25HRP,8,G,,10,0,10
0,25,30,TRUE,rotifer,E25NRP,8,H,,3,0,3
0,25,30,TRUE,protist,E25NRP,8,H,,15,0,15
0,30,30,TRUE,rotifer,E30HRP,8,I,,3,0,3
0,30,30,TRUE,protist,E30HRP,8,I,,17,0,17
0,30,25,TRUE,rotifer,E30NRP,8,J,,4,0,4
0,30,25,TRUE,protist,E30NRP,8,J,,18,0,18
0,25,25,FALSE,rotifer,E25HR,9,A,,2,0,2
0,25,30,FALSE,rotifer,E25NR,9,B,,8,0,8
0,30,30,FALSE,rotifer,E30HR,9,C,,1,0,1
0,30,25,FALSE,rotifer,E30NR,9,D,,8,0,8
0,25,25,FALSE,protist,HP,9,E,,29,0,29
0,25,30,FALSE,protist,NP,9,F,,16,0,16
0,25,25,TRUE,rotifer,E25HRP,9,G,,4,0,4
0,25,25,TRUE,protist,E25HRP,9,G,,14,0,14
0,25,30,TRUE,rotifer,E25NRP,9,H,,10,0,10
0,25,30,TRUE,protist,E25NRP,9,H,,9,0,9
0,30,30,TRUE,rotifer,E30HRP,9,I,,1,0,1
0,30,30,TRUE,protist,E30HRP,9,I,,12,0,12
0,30,25,TRUE,rotifer,E30NRP,9,J,,5,0,5
0,30,25,TRUE,protist,E30NRP,9,J,,17,0,17
0,25,25,FALSE,rotifer,E25HR,10,A,,3,0,3
0,25,30,FALSE,rotifer,E25NR,10,B,,5,0,5
0,30,30,FALSE,rotifer,E30HR,10,C,,3,0,3
0,30,25,FALSE,rotifer,E30NR,10,D,,7,0,7
0,25,25,FALSE,protist,HP,10,E,,17,0,17
0,25,30,FALSE,protist,NP,10,F,,17,0,17
0,25,25,TRUE,rotifer,E25HRP,10,G,,3,0,3
0,25,25,TRUE,protist,E25HRP,10,G,,11,0,11
0,25,30,TRUE,rotifer,E25NRP,10,H,,6,0,6
0,25,30,TRUE,protist,E25NRP,10,H,,29,0,29
0,30,30,TRUE,rotifer,E30HRP,10,I,,7,0,7
0,30,30,TRUE,protist,E30HRP,10,I,,24,0,24
0,30,25,TRUE,rotifer,E30NRP,10,J,,5,0,5
0,30,25,TRUE,protist,E30NRP,10,J,,13,0,13
0.5,25,25,FALSE,rotifer,E25HR,1,A,,7,0,7
0.5,25,30,FALSE,rotifer,E25NR,1,B,,5,0,5
0.5,30,30,FALSE,rotifer,E30HR,1,C,,7,0,7
0.5,30,25,FALSE,rotifer,E30NR,1,D,,5,0,5
0.5,25,25,FALSE,protist,HP,1,E,,32,0,32
0.5,25,30,FALSE,protist,NP,1,F,21,,142.8,142.8
0.5,25,25,TRUE,rotifer,E25HRP,1,G,,3,0,3
0.5,25,25,TRUE,protist,E25HRP,1,G,,60,0,60
0.5,25,30,TRUE,rotifer,E25NRP,1,H,,7,0,7
0.5,25,30,TRUE,protist,E25NRP,1,H,,129,0,129
0.5,30,30,TRUE,rotifer,E30HRP,1,I,,3,0,3
0.5,30,30,TRUE,protist,E30HRP,1,I,52,,353.6,353.6
0.5,30,25,TRUE,rotifer,E30NRP,1,J,,2,0,2
0.5,30,25,TRUE,protist,E30NRP,1,J,,51,0,51
0.5,25,25,FALSE,rotifer,E25HR,2,A,,2,0,2
0.5,25,30,FALSE,rotifer,E25NR,2,B,,6,0,6
0.5,30,30,FALSE,rotifer,E30HR,2,C,,1,0,1
0.5,30,25,FALSE,rotifer,E30NR,2,D,,5,0,5
0.5,25,25,FALSE,protist,HP,2,E,,44,0,44
0.5,25,30,FALSE,protist,NP,2,F,,129,0,129
0.5,25,25,TRUE,rotifer,E25HRP,2,G,,0,0,0
0.5,25,25,TRUE,protist,E25HRP,2,G,,61,0,61
0.5,25,30,TRUE,rotifer,E25NRP,2,H,,12,0,12
0.5,25,30,TRUE,protist,E25NRP,2,H,31,,210.8,210.8
0.5,30,30,TRUE,rotifer,E30HRP,2,I,,5,0,5
0.5,30,30,TRUE,protist,E30HRP,2,I,41,,278.8,278.8
0.5,30,25,TRUE,rotifer,E30NRP,2,J,,6,0,6
0.5,30,25,TRUE,protist,E30NRP,2,J,13,,88.4,88.4
0.5,25,25,FALSE,rotifer,E25HR,3,A,,6,0,6
0.5,25,30,FALSE,rotifer,E25NR,3,B,,5,0,5
0.5,30,30,FALSE,rotifer,E30HR,3,C,,4,0,4
0.5,30,25,FALSE,rotifer,E30NR,3,D,,5,0,5
0.5,25,25,FALSE,protist,HP,3,E,,35,0,35
0.5,25,30,FALSE,protist,NP,3,F,34,,231.2,231.2
0.5,25,25,TRUE,rotifer,E25HRP,3,G,,5,0,5
0.5,25,25,TRUE,protist,E25HRP,3,G,,51,0,51
0.5,25,30,TRUE,rotifer,E25NRP,3,H,,7,0,7
0.5,25,30,TRUE,protist,E25NRP,3,H,38,,258.4,258.4
0.5,30,30,TRUE,rotifer,E30HRP,3,I,,10,0,10
0.5,30,30,TRUE,protist,E30HRP,3,I,38,,258.4,258.4
0.5,30,25,TRUE,rotifer,E30NRP,3,J,,2,0,2
0.5,30,25,TRUE,protist,E30NRP,3,J,25,,170,170
0.5,25,25,FALSE,rotifer,E25HR,4,A,,8,0,8
0.5,25,30,FALSE,rotifer,E25NR,4,B,,4,0,4
0.5,30,30,FALSE,rotifer,E30HR,4,C,,9,0,9
0.5,30,25,FALSE,rotifer,E30NR,4,D,,8,0,8
0.5,25,25,FALSE,protist,HP,4,E,6,,40.8,40.8
0.5,25,30,FALSE,protist,NP,4,F,12,,81.6,81.6
0.5,25,25,TRUE,rotifer,E25HRP,4,G,,10,0,10
0.5,25,25,TRUE,protist,E25HRP,4,G,29,,197.2,197.2
0.5,25,30,TRUE,rotifer,E25NRP,4,H,,3,0,3
0.5,25,30,TRUE,protist,E25NRP,4,H,39,,265.2,265.2
0.5,30,30,TRUE,rotifer,E30HRP,4,I,,6,0,6
0.5,30,30,TRUE,protist,E30HRP,4,I,39,,265.2,265.2
0.5,30,25,TRUE,rotifer,E30NRP,4,J,,5,0,5
0.5,30,25,TRUE,protist,E30NRP,4,J,27,,183.6,183.6
0.5,25,25,FALSE,rotifer,E25HR,5,A,,6,0,6
0.5,25,30,FALSE,rotifer,E25NR,5,B,,6,0,6
0.5,30,30,FALSE,rotifer,E30HR,5,C,,7,0,7
0.5,30,25,FALSE,rotifer,E30NR,5,D,,10,0,10
0.5,25,25,FALSE,protist,HP,5,E,11,,74.8,74.8
0.5,25,30,FALSE,protist,NP,5,F,19,,129.2,129.2
0.5,25,25,TRUE,rotifer,E25HRP,5,G,,11,0,11
0.5,25,25,TRUE,protist,E25HRP,5,G,12,,81.6,81.6
0.5,25,30,TRUE,rotifer,E25NRP,5,H,,3,0,3
0.5,25,30,TRUE,protist,E25NRP,5,H,26,,176.8,176.8
0.5,30,30,TRUE,rotifer,E30HRP,5,I,,6,0,6
0.5,30,30,TRUE,protist,E30HRP,5,I,37,,251.6,251.6
0.5,30,25,TRUE,rotifer,E30NRP,5,J,,8,0,8
0.5,30,25,TRUE,protist,E30NRP,5,J,24,,163.2,163.2
0.5,25,25,FALSE,rotifer,E25HR,6,A,,1,0,1
0.5,25,30,FALSE,rotifer,E25NR,6,B,,6,0,6
0.5,30,30,FALSE,rotifer,E30HR,6,C,,6,0,6
0.5,30,25,FALSE,rotifer,E30NR,6,D,,7,0,7
0.5,25,25,FALSE,protist,HP,6,E,7,,47.6,47.6
0.5,25,30,FALSE,protist,NP,6,F,6,,40.8,40.8
0.5,25,25,TRUE,rotifer,E25HRP,6,G,,9,0,9
0.5,25,25,TRUE,protist,E25HRP,6,G,9,,61.2,61.2
0.5,25,30,TRUE,rotifer,E25NRP,6,H,,6,0,6
0.5,25,30,TRUE,protist,E25NRP,6,H,23,,156.4,156.4
0.5,30,30,TRUE,rotifer,E30HRP,6,I,,7,0,7
0.5,30,30,TRUE,protist,E30HRP,6,I,22,,149.6,149.6
0.5,30,25,TRUE,rotifer,E30NRP,6,J,,10,0,10
0.5,30,25,TRUE,protist,E30NRP,6,J,10,,68,68
0.5,25,25,FALSE,rotifer,E25HR,7,A,,10,0,10
0.5,25,30,FALSE,rotifer,E25NR,7,B,,5,0,5
0.5,30,30,FALSE,rotifer,E30HR,7,C,,4,0,4
0.5,30,25,FALSE,rotifer,E30NR,7,D,,13,0,13
0.5,25,25,FALSE,protist,HP,7,E,16,,108.8,108.8
0.5,25,30,FALSE,protist,NP,7,F,21,,142.8,142.8
0.5,25,25,TRUE,rotifer,E25HRP,7,G,,3,0,3
0.5,25,25,TRUE,protist,E25HRP,7,G,21,,142.8,142.8
0.5,25,30,TRUE,rotifer,E25NRP,7,H,,10,0,10
0.5,25,30,TRUE,protist,E25NRP,7,H,50,,340,340
0.5,30,30,TRUE,rotifer,E30HRP,7,I,,7,0,7
0.5,30,30,TRUE,protist,E30HRP,7,I,38,,258.4,258.4
0.5,30,25,TRUE,rotifer,E30NRP,7,J,,6,0,6
0.5,30,25,TRUE,protist,E30NRP,7,J,37,,251.6,251.6
0.5,25,25,FALSE,rotifer,E25HR,8,A,,4,0,4
0.5,25,30,FALSE,rotifer,E25NR,8,B,,9,0,9
0.5,30,30,FALSE,rotifer,E30HR,8,C,,7,0,7
0.5,30,25,FALSE,rotifer,E30NR,8,D,,5,0,5
0.5,25,25,FALSE,protist,HP,8,E,8,,54.4,54.4
0.5,25,30,FALSE,protist,NP,8,F,21,,142.8,142.8
0.5,25,25,TRUE,rotifer,E25HRP,8,G,,7,0,7
0.5,25,25,TRUE,protist,E25HRP,8,G,21,,142.8,142.8
0.5,25,30,TRUE,rotifer,E25NRP,8,H,,2,0,2
0.5,25,30,TRUE,protist,E25NRP,8,H,44,,299.2,299.2
0.5,30,30,TRUE,rotifer,E30HRP,8,I,,9,0,9
0.5,30,30,TRUE,protist,E30HRP,8,I,43,,292.4,292.4
0.5,30,25,TRUE,rotifer,E30NRP,8,J,,8,0,8
0.5,30,25,TRUE,protist,E30NRP,8,J,14,,95.2,95.2
0.5,25,25,FALSE,rotifer,E25HR,9,A,,6,0,6
0.5,25,30,FALSE,rotifer,E25NR,9,B,,7,0,7
0.5,30,30,FALSE,rotifer,E30HR,9,C,,0,0,0
0.5,30,25,FALSE,rotifer,E30NR,9,D,,9,0,9
0.5,25,25,FALSE,protist,HP,9,E,10,,68,68
0.5,25,30,FALSE,protist,NP,9,F,33,,224.4,224.4
0.5,25,25,TRUE,rotifer,E25HRP,9,G,,0,0,0
0.5,25,25,TRUE,protist,E25HRP,9,G,50,,340,340
0.5,25,30,TRUE,rotifer,E25NRP,9,H,,3,0,3
0.5,25,30,TRUE,protist,E25NRP,9,H,42,,285.6,285.6
0.5,30,30,TRUE,rotifer,E30HRP,9,I,,7,0,7
0.5,30,30,TRUE,protist,E30HRP,9,I,44,,299.2,299.2
0.5,30,25,TRUE,rotifer,E30NRP,9,J,,4,0,4
0.5,30,25,TRUE,protist,E30NRP,9,J,30,,204,204
0.5,25,25,FALSE,rotifer,E25HR,10,A,,10,0,10
0.5,25,30,FALSE,rotifer,E25NR,10,B,,8,0,8
0.5,30,30,FALSE,rotifer,E30HR,10,C,,7,0,7
0.5,30,25,FALSE,rotifer,E30NR,10,D,,5,0,5
0.5,25,25,FALSE,protist,HP,10,E,18,,122.4,122.4
0.5,25,30,FALSE,protist,NP,10,F,51,,346.8,346.8
0.5,25,25,TRUE,rotifer,E25HRP,10,G,,8,0,8
0.5,25,25,TRUE,protist,E25HRP,10,G,18,,122.4,122.4
0.5,25,30,TRUE,rotifer,E25NRP,10,H,,9,0,9
0.5,25,30,TRUE,protist,E25NRP,10,H,35,,238,238
0.5,30,30,TRUE,rotifer,E30HRP,10,I,,4,0,4
0.5,30,30,TRUE,protist,E30HRP,10,I,67,,455.6,455.6
0.5,30,25,TRUE,rotifer,E30NRP,10,J,,4,0,4
0.5,30,25,TRUE,protist,E30NRP,10,J,15,,102,102
0.75,25,25,FALSE,rotifer,E25HR,1,A,,4,0,4
0.75,25,30,FALSE,rotifer,E25NR,1,B,,5,0,5
0.75,30,30,FALSE,rotifer,E30HR,1,C,,3,0,3
0.75,30,25,FALSE,rotifer,E30NR,1,D,,5,0,5
0.75,25,25,FALSE,protist,HP,1,E,22,,149.6,149.6
0.75,25,30,FALSE,protist,NP,1,F,30,,204,204
0.75,25,25,TRUE,rotifer,E25HRP,1,G,,7,0,7
0.75,25,25,TRUE,protist,E25HRP,1,G,31,,210.8,210.8
0.75,25,30,TRUE,rotifer,E25NRP,1,H,,9,0,9
0.75,25,30,TRUE,protist,E25NRP,1,H,46,,312.8,312.8
0.75,30,30,TRUE,rotifer,E30HRP,1,I,,3,0,3
0.75,30,30,TRUE,protist,E30HRP,1,I,58,,394.4,394.4
0.75,30,25,TRUE,rotifer,E30NRP,1,J,,5,0,5
0.75,30,25,TRUE,protist,E30NRP,1,J,15,,102,102
0.75,25,25,FALSE,rotifer,E25HR,2,A,,8,0,8
0.75,25,30,FALSE,rotifer,E25NR,2,B,,6,0,6
0.75,30,30,FALSE,rotifer,E30HR,2,C,,5,0,5
0.75,30,25,FALSE,rotifer,E30NR,2,D,,12,0,12
0.75,25,25,FALSE,protist,HP,2,E,12,,81.6,81.6
0.75,25,30,FALSE,protist,NP,2,F,62,,421.6,421.6
0.75,25,25,TRUE,rotifer,E25HRP,2,G,,9,0,9
0.75,25,25,TRUE,protist,E25HRP,2,G,28,,190.4,190.4
0.75,25,30,TRUE,rotifer,E25NRP,2,H,,5,0,5
0.75,25,30,TRUE,protist,E25NRP,2,H,39,,265.2,265.2
0.75,30,30,TRUE,rotifer,E30HRP,2,I,,1,0,1
0.75,30,30,TRUE,protist,E30HRP,2,I,16,,108.8,108.8
0.75,30,25,TRUE,rotifer,E30NRP,2,J,,5,0,5
0.75,30,25,TRUE,protist,E30NRP,2,J,20,,136,136
0.75,25,25,FALSE,rotifer,E25HR,3,A,,10,0,10
0.75,25,30,FALSE,rotifer,E25NR,3,B,,15,0,15
0.75,30,30,FALSE,rotifer,E30HR,3,C,,7,0,7
0.75,30,25,FALSE,rotifer,E30NR,3,D,,8,0,8
0.75,25,25,FALSE,protist,HP,3,E,7,,47.6,47.6
0.75,25,30,FALSE,protist,NP,3,F,47,,319.6,319.6
0.75,25,25,TRUE,rotifer,E25HRP,3,G,,8,0,8
0.75,25,25,TRUE,protist,E25HRP,3,G,26,,176.8,176.8
0.75,25,30,TRUE,rotifer,E25NRP,3,H,,1,0,1
0.75,25,30,TRUE,protist,E25NRP,3,H,59,,401.2,401.2
0.75,30,30,TRUE,rotifer,E30HRP,3,I,,5,0,5
0.75,30,30,TRUE,protist,E30HRP,3,I,33,,224.4,224.4
0.75,30,25,TRUE,rotifer,E30NRP,3,J,,2,0,2
0.75,30,25,TRUE,protist,E30NRP,3,J,36,,244.8,244.8
0.75,25,25,FALSE,rotifer,E25HR,4,A,,7,0,7
0.75,25,30,FALSE,rotifer,E25NR,4,B,,5,0,5
0.75,30,30,FALSE,rotifer,E30HR,4,C,,3,0,3
0.75,30,25,FALSE,rotifer,E30NR,4,D,,5,0,5
0.75,25,25,FALSE,protist,HP,4,E,17,,115.6,115.6
0.75,25,30,FALSE,protist,NP,4,F,58,,394.4,394.4
0.75,25,25,TRUE,rotifer,E25HRP,4,G,,6,0,6
0.75,25,25,TRUE,protist,E25HRP,4,G,23,,156.4,156.4
0.75,25,30,TRUE,rotifer,E25NRP,4,H,,9,0,9
0.75,25,30,TRUE,protist,E25NRP,4,H,61,,414.8,414.8
0.75,30,30,TRUE,rotifer,E30HRP,4,I,,6,0,6
0.75,30,30,TRUE,protist,E30HRP,4,I,31,,210.8,210.8
0.75,30,25,TRUE,rotifer,E30NRP,4,J,,5,0,5
0.75,30,25,TRUE,protist,E30NRP,4,J,27,,183.6,183.6
0.75,25,25,FALSE,rotifer,E25HR,5,A,,4,0,4
0.75,25,30,FALSE,rotifer,E25NR,5,B,,11,0,11
0.75,30,30,FALSE,rotifer,E30HR,5,C,,7,0,7
0.75,30,25,FALSE,rotifer,E30NR,5,D,,3,0,3
0.75,25,25,FALSE,protist,HP,5,E,30,,204,204
0.75,25,30,FALSE,protist,NP,5,F,66,,448.8,448.8
0.75,25,25,TRUE,rotifer,E25HRP,5,G,,10,0,10
0.75,25,25,TRUE,protist,E25HRP,5,G,25,,170,170
0.75,25,30,TRUE,rotifer,E25NRP,5,H,,8,0,8
0.75,25,30,TRUE,protist,E25NRP,5,H,49,,333.2,333.2
0.75,30,30,TRUE,rotifer,E30HRP,5,I,,9,0,9
0.75,30,30,TRUE,protist,E30HRP,5,I,45,,306,306
0.75,30,25,TRUE,rotifer,E30NRP,5,J,,8,0,8
0.75,30,25,TRUE,protist,E30NRP,5,J,48,,326.4,326.4
0.75,25,25,FALSE,rotifer,E25HR,6,A,,3,0,3
0.75,25,30,FALSE,rotifer,E25NR,6,B,,5,0,5
0.75,30,30,FALSE,rotifer,E30HR,6,C,,7,0,7
0.75,30,25,FALSE,rotifer,E30NR,6,D,,2,0,2
0.75,25,25,FALSE,protist,HP,6,E,16,,108.8,108.8
0.75,25,30,FALSE,protist,NP,6,F,44,,299.2,299.2
0.75,25,25,TRUE,rotifer,E25HRP,6,G,,13,0,13
0.75,25,25,TRUE,protist,E25HRP,6,G,6,,40.8,40.8
0.75,25,30,TRUE,rotifer,E25NRP,6,H,,8,0,8
0.75,25,30,TRUE,protist,E25NRP,6,H,49,,333.2,333.2
0.75,30,30,TRUE,rotifer,E30HRP,6,I,,4,0,4
0.75,30,30,TRUE,protist,E30HRP,6,I,87,,591.6,591.6
0.75,30,25,TRUE,rotifer,E30NRP,6,J,,3,0,3
0.75,30,25,TRUE,protist,E30NRP,6,J,8,,54.4,54.4
0.75,25,25,FALSE,rotifer,E25HR,7,A,,6,0,6
0.75,25,30,FALSE,rotifer,E25NR,7,B,,3,0,3
0.75,30,30,FALSE,rotifer,E30HR,7,C,,15,0,15
0.75,30,25,FALSE,rotifer,E30NR,7,D,,7,0,7
0.75,25,25,FALSE,protist,HP,7,E,13,,88.4,88.4
0.75,25,30,FALSE,protist,NP,7,F,53,,360.4,360.4
0.75,25,25,TRUE,rotifer,E25HRP,7,G,,5,0,5
0.75,25,25,TRUE,protist,E25HRP,7,G,18,,122.4,122.4
0.75,25,30,TRUE,rotifer,E25NRP,7,H,,6,0,6
0.75,25,30,TRUE,protist,E25NRP,7,H,79,,537.2,537.2
0.75,30,30,TRUE,rotifer,E30HRP,7,I,,7,0,7
0.75,30,30,TRUE,protist,E30HRP,7,I,24,,163.2,163.2
0.75,30,25,TRUE,rotifer,E30NRP,7,J,,8,0,8
0.75,30,25,TRUE,protist,E30NRP,7,J,37,,251.6,251.6
0.75,25,25,FALSE,rotifer,E25HR,8,A,,4,0,4
0.75,25,30,FALSE,rotifer,E25NR,8,B,,0,0,0
0.75,30,30,FALSE,rotifer,E30HR,8,C,,4,0,4
0.75,30,25,FALSE,rotifer,E30NR,8,D,,5,0,5
0.75,25,25,FALSE,protist,HP,8,E,20,,136,136
0.75,25,30,FALSE,protist,NP,8,F,35,,238,238
0.75,25,25,TRUE,rotifer,E25HRP,8,G,,7,0,7
0.75,25,25,TRUE,protist,E25HRP,8,G,25,,170,170
0.75,25,30,TRUE,rotifer,E25NRP,8,H,,1,0,1
0.75,25,30,TRUE,protist,E25NRP,8,H,51,,346.8,346.8
0.75,30,30,TRUE,rotifer,E30HRP,8,I,,6,0,6
0.75,30,30,TRUE,protist,E30HRP,8,I,29,,197.2,197.2
0.75,30,25,TRUE,rotifer,E30NRP,8,J,,3,0,3
0.75,30,25,TRUE,protist,E30NRP,8,J,21,,142.8,142.8
0.75,25,25,FALSE,rotifer,E25HR,9,A,,6,0,6
0.75,25,30,FALSE,rotifer,E25NR,9,B,,3,0,3
0.75,30,30,FALSE,rotifer,E30HR,9,C,,4,0,4
0.75,30,25,FALSE,rotifer,E30NR,9,D,,3,0,3
0.75,25,25,FALSE,protist,HP,9,E,16,,108.8,108.8
0.75,25,30,FALSE,protist,NP,9,F,52,,353.6,353.6
0.75,25,25,TRUE,rotifer,E25HRP,9,G,,2,0,2
0.75,25,25,TRUE,protist,E25HRP,9,G,24,,163.2,163.2
0.75,25,30,TRUE,rotifer,E25NRP,9,H,,2,0,2
0.75,25,30,TRUE,protist,E25NRP,9,H,37,,251.6,251.6
0.75,30,30,TRUE,rotifer,E30HRP,9,I,,4,0,4
0.75,30,30,TRUE,protist,E30HRP,9,I,116,,788.8,788.8
0.75,30,25,TRUE,rotifer,E30NRP,9,J,,2,0,2
0.75,30,25,TRUE,protist,E30NRP,9,J,39,,265.2,265.2
0.75,25,25,FALSE,rotifer,E25HR,10,A,,8,0,8
0.75,25,30,FALSE,rotifer,E25NR,10,B,,4,0,4
0.75,30,30,FALSE,rotifer,E30HR,10,C,,3,0,3
0.75,30,25,FALSE,rotifer,E30NR,10,D,,10,0,10
0.75,25,25,FALSE,protist,HP,10,E,22,,149.6,149.6
0.75,25,30,FALSE,protist,NP,10,F,124,,843.2,843.2
0.75,25,25,TRUE,rotifer,E25HRP,10,G,,6,0,6
0.75,25,25,TRUE,protist,E25HRP,10,G,25,,170,170
0.75,25,30,TRUE,rotifer,E25NRP,10,H,,7,0,7
0.75,25,30,TRUE,protist,E25NRP,10,H,166,,1128.8,1128.8
0.75,30,30,TRUE,rotifer,E30HRP,10,I,,6,0,6
0.75,30,30,TRUE,protist,E30HRP,10,I,45,,306,306
0.75,30,25,TRUE,rotifer,E30NRP,10,J,,7,0,7
0.75,30,25,TRUE,protist,E30NRP,10,J,67,,455.6,455.6
1.5,25,25,FALSE,rotifer,E25HR,1,A,,5,0,5
1.5,25,30,FALSE,rotifer,E25NR,1,B,,9,0,9
1.5,30,30,FALSE,rotifer,E30HR,1,C,,6,0,6
1.5,30,25,FALSE,rotifer,E30NR,1,D,,10,0,10
1.5,25,25,FALSE,protist,HP,1,E,47,,319.6,319.6
1.5,25,30,FALSE,protist,NP,1,F,84,,571.2,571.2
1.5,25,25,TRUE,rotifer,E25HRP,1,G,,7,0,7
1.5,25,25,TRUE,protist,E25HRP,1,G,64,,435.2,435.2
1.5,25,30,TRUE,rotifer,E25NRP,1,H,,4,0,4
1.5,25,30,TRUE,protist,E25NRP,1,H,35,,238,238
1.5,30,30,TRUE,rotifer,E30HRP,1,I,,10,0,10
1.5,30,30,TRUE,protist,E30HRP,1,I,57,,387.6,387.6
1.5,30,25,TRUE,rotifer,E30NRP,1,J,,3,0,3
1.5,30,25,TRUE,protist,E30NRP,1,J,57,,387.6,387.6
1.5,25,25,FALSE,rotifer,E25HR,2,A,,5,0,5
1.5,25,30,FALSE,rotifer,E25NR,2,B,,4,0,4
1.5,30,30,FALSE,rotifer,E30HR,2,C,,7,0,7
1.5,30,25,FALSE,rotifer,E30NR,2,D,,6,0,6
1.5,25,25,FALSE,protist,HP,2,E,102,,693.6,693.6
1.5,25,30,FALSE,protist,NP,2,F,111,,754.8,754.8
1.5,25,25,TRUE,rotifer,E25HRP,2,G,,5,0,5
1.5,25,25,TRUE,protist,E25HRP,2,G,43,,292.4,292.4
1.5,25,30,TRUE,rotifer,E25NRP,2,H,,6,0,6
1.5,25,30,TRUE,protist,E25NRP,2,H,124,,843.2,843.2
1.5,30,30,TRUE,rotifer,E30HRP,2,I,,7,0,7
1.5,30,30,TRUE,protist,E30HRP,2,I,76,,516.8,516.8
1.5,30,25,TRUE,rotifer,E30NRP,2,J,,5,0,5
1.5,30,25,TRUE,protist,E30NRP,2,J,56,,380.8,380.8
1.5,25,25,FALSE,rotifer,E25HR,3,A,,3,0,3
1.5,25,30,FALSE,rotifer,E25NR,3,B,,5,0,5
1.5,30,30,FALSE,rotifer,E30HR,3,C,,9,0,9
1.5,30,25,FALSE,rotifer,E30NR,3,D,,8,0,8
1.5,25,25,FALSE,protist,HP,3,E,38,,258.4,258.4
1.5,25,30,FALSE,protist,NP,3,F,44,,299.2,299.2
1.5,25,25,TRUE,rotifer,E25HRP,3,G,,4,0,4
1.5,25,25,TRUE,protist,E25HRP,3,G,30,,204,204
1.5,25,30,TRUE,rotifer,E25NRP,3,H,,5,0,5
1.5,25,30,TRUE,protist,E25NRP,3,H,48,,326.4,326.4
1.5,30,30,TRUE,rotifer,E30HRP,3,I,,4,0,4
1.5,30,30,TRUE,protist,E30HRP,3,I,28,,190.4,190.4
1.5,30,25,TRUE,rotifer,E30NRP,3,J,,3,0,3
1.5,30,25,TRUE,protist,E30NRP,3,J,66,,448.8,448.8
1.5,25,25,FALSE,rotifer,E25HR,4,A,,10,0,10
1.5,25,30,FALSE,rotifer,E25NR,4,B,,9,0,9
1.5,30,30,FALSE,rotifer,E30HR,4,C,,9,0,9
1.5,30,25,FALSE,rotifer,E30NR,4,D,,6,0,6
1.5,25,25,FALSE,protist,HP,4,E,47,,319.6,319.6
1.5,25,30,FALSE,protist,NP,4,F,58,,394.4,394.4
1.5,25,25,TRUE,rotifer,E25HRP,4,G,,6,0,6
1.5,25,25,TRUE,protist,E25HRP,4,G,28,,190.4,190.4
1.5,25,30,TRUE,rotifer,E25NRP,4,H,,6,0,6
1.5,25,30,TRUE,protist,E25NRP,4,H,72,,489.6,489.6
1.5,30,30,TRUE,rotifer,E30HRP,4,I,,7,0,7
1.5,30,30,TRUE,protist,E30HRP,4,I,32,,217.6,217.6
1.5,30,25,TRUE,rotifer,E30NRP,4,J,,6,0,6
1.5,30,25,TRUE,protist,E30NRP,4,J,12,,81.6,81.6
1.5,25,25,FALSE,rotifer,E25HR,5,A,,9,0,9
1.5,25,30,FALSE,rotifer,E25NR,5,B,,7,0,7
1.5,30,30,FALSE,rotifer,E30HR,5,C,,11,0,11
1.5,30,25,FALSE,rotifer,E30NR,5,D,,6,0,6
1.5,25,25,FALSE,protist,HP,5,E,40,,272,272
1.5,25,30,FALSE,protist,NP,5,F,65,,442,442
1.5,25,25,TRUE,rotifer,E25HRP,5,G,,7,0,7
1.5,25,25,TRUE,protist,E25HRP,5,G,51,,346.8,346.8
1.5,25,30,TRUE,rotifer,E25NRP,5,H,,10,0,10
1.5,25,30,TRUE,protist,E25NRP,5,H,50,,340,340
1.5,30,30,TRUE,rotifer,E30HRP,5,I,,12,0,12
1.5,30,30,TRUE,protist,E30HRP,5,I,58,,394.4,394.4
1.5,30,25,TRUE,rotifer,E30NRP,5,J,,3,0,3
1.5,30,25,TRUE,protist,E30NRP,5,J,48,,326.4,326.4
1.5,25,25,FALSE,rotifer,E25HR,6,A,,6,0,6
1.5,25,30,FALSE,rotifer,E25NR,6,B,,10,0,10
1.5,30,30,FALSE,rotifer,E30HR,6,C,,9,0,9
1.5,30,25,FALSE,rotifer,E30NR,6,D,,6,0,6
1.5,25,25,FALSE,protist,HP,6,E,88,,598.4,598.4
1.5,25,30,FALSE,protist,NP,6,F,75,,510,510
1.5,25,25,TRUE,rotifer,E25HRP,6,G,,5,0,5
1.5,25,25,TRUE,protist,E25HRP,6,G,33,,224.4,224.4
1.5,25,30,TRUE,rotifer,E25NRP,6,H,,7,0,7
1.5,25,30,TRUE,protist,E25NRP,6,H,42,,285.6,285.6
1.5,30,30,TRUE,rotifer,E30HRP,6,I,,3,0,3
1.5,30,30,TRUE,protist,E30HRP,6,I,55,,374,374
1.5,30,25,TRUE,rotifer,E30NRP,6,J,,4,0,4
1.5,30,25,TRUE,protist,E30NRP,6,J,40,,272,272
1.5,25,25,FALSE,rotifer,E25HR,7,A,,4,0,4
1.5,25,30,FALSE,rotifer,E25NR,7,B,,13,0,13
1.5,30,30,FALSE,rotifer,E30HR,7,C,,9,0,9
1.5,30,25,FALSE,rotifer,E30NR,7,D,,8,0,8
1.5,25,25,FALSE,protist,HP,7,E,70,,476,476
1.5,25,30,FALSE,protist,NP,7,F,122,,829.6,829.6
1.5,25,25,TRUE,rotifer,E25HRP,7,G,,9,0,9
1.5,25,25,TRUE,protist,E25HRP,7,G,59,,401.2,401.2
1.5,25,30,TRUE,rotifer,E25NRP,7,H,,5,0,5
1.5,25,30,TRUE,protist,E25NRP,7,H,71,,482.8,482.8
1.5,30,30,TRUE,rotifer,E30HRP,7,I,,3,0,3
1.5,30,30,TRUE,protist,E30HRP,7,I,52,,353.6,353.6
1.5,30,25,TRUE,rotifer,E30NRP,7,J,,2,0,2
1.5,30,25,TRUE,protist,E30NRP,7,J,78,,530.4,530.4
1.5,25,25,FALSE,rotifer,E25HR,8,A,,9,0,9
1.5,25,30,FALSE,rotifer,E25NR,8,B,,5,0,5
1.5,30,30,FALSE,rotifer,E30HR,8,C,,5,0,5
1.5,30,25,FALSE,rotifer,E30NR,8,D,,4,0,4
1.5,25,25,FALSE,protist,HP,8,E,77,,523.6,523.6
1.5,25,30,FALSE,protist,NP,8,F,114,,775.2,775.2
1.5,25,25,TRUE,rotifer,E25HRP,8,G,,2,0,2
1.5,25,25,TRUE,protist,E25HRP,8,G,51,,346.8,346.8
1.5,25,30,TRUE,rotifer,E25NRP,8,H,,3,0,3
1.5,25,30,TRUE,protist,E25NRP,8,H,35,,238,238
1.5,30,30,TRUE,rotifer,E30HRP,8,I,,3,0,3
1.5,30,30,TRUE,protist,E30HRP,8,I,34,,231.2,231.2
1.5,30,25,TRUE,rotifer,E30NRP,8,J,,1,0,1
1.5,30,25,TRUE,protist,E30NRP,8,J,49,,333.2,333.2
1.5,25,25,FALSE,rotifer,E25HR,9,A,,5,0,5
1.5,25,30,FALSE,rotifer,E25NR,9,B,,5,0,5
1.5,30,30,FALSE,rotifer,E30HR,9,C,,2,0,2
1.5,30,25,FALSE,rotifer,E30NR,9,D,,3,0,3
1.5,25,25,FALSE,protist,HP,9,E,119,,809.2,809.2
1.5,25,30,FALSE,protist,NP,9,F,75,,510,510
1.5,25,25,TRUE,rotifer,E25HRP,9,G,,6,0,6
1.5,25,25,TRUE,protist,E25HRP,9,G,68,,462.4,462.4
1.5,25,30,TRUE,rotifer,E25NRP,9,H,,6,0,6
1.5,25,30,TRUE,protist,E25NRP,9,H,79,,537.2,537.2
1.5,30,30,TRUE,rotifer,E30HRP,9,I,,4,0,4
1.5,30,30,TRUE,protist,E30HRP,9,I,67,,455.6,455.6
1.5,30,25,TRUE,rotifer,E30NRP,9,J,,3,0,3
1.5,30,25,TRUE,protist,E30NRP,9,J,50,,340,340
1.5,25,25,FALSE,rotifer,E25HR,10,A,,6,0,6
1.5,25,30,FALSE,rotifer,E25NR,10,B,,11,0,11
1.5,30,30,FALSE,rotifer,E30HR,10,C,,3,0,3
1.5,30,25,FALSE,rotifer,E30NR,10,D,,6,0,6
1.5,25,25,FALSE,protist,HP,10,E,39,,265.2,265.2
1.5,25,30,FALSE,protist,NP,10,F,126,,856.8,856.8
1.5,25,25,TRUE,rotifer,E25HRP,10,G,,10,0,10
1.5,25,25,TRUE,protist,E25HRP,10,G,47,,319.6,319.6
1.5,25,30,TRUE,rotifer,E25NRP,10,H,,4,0,4
1.5,25,30,TRUE,protist,E25NRP,10,H,61,,414.8,414.8
1.5,30,30,TRUE,rotifer,E30HRP,10,I,,6,0,6
1.5,30,30,TRUE,protist,E30HRP,10,I,100,,680,680
1.5,30,25,TRUE,rotifer,E30NRP,10,J,,5,0,5
1.5,30,25,TRUE,protist,E30NRP,10,J,33,,224.4,224.4
2,25,25,FALSE,rotifer,E25HR,1,A,,2,0,2
2,25,30,FALSE,rotifer,E25NR,1,B,,8,0,8
2,30,30,FALSE,rotifer,E30HR,1,C,,6,0,6
2,30,25,FALSE,rotifer,E30NR,1,D,,9,0,9
2,25,25,FALSE,protist,HP,1,E,98,,666.4,666.4
2,25,30,FALSE,protist,NP,1,F,89,,605.2,605.2
2,25,25,TRUE,rotifer,E25HRP,1,G,,4,0,4
2,25,25,TRUE,protist,E25HRP,1,G,60,,408,408
2,25,30,TRUE,rotifer,E25NRP,1,H,,4,0,4
2,25,30,TRUE,protist,E25NRP,1,H,90,,612,612
2,30,30,TRUE,rotifer,E30HRP,1,I,,4,0,4
2,30,30,TRUE,protist,E30HRP,1,I,82,,557.6,557.6
2,30,25,TRUE,rotifer,E30NRP,1,J,,3,0,3
2,30,25,TRUE,protist,E30NRP,1,J,80,,544,544
2,25,25,FALSE,rotifer,E25HR,2,A,,7,0,7
2,25,30,FALSE,rotifer,E25NR,2,B,,7,0,7
2,30,30,FALSE,rotifer,E30HR,2,C,,5,0,5
2,30,25,FALSE,rotifer,E30NR,2,D,,3,0,3
2,25,25,FALSE,protist,HP,2,E,37,,251.6,251.6
2,25,30,FALSE,protist,NP,2,F,111,,754.8,754.8
2,25,25,TRUE,rotifer,E25HRP,2,G,,9,0,9
2,25,25,TRUE,protist,E25HRP,2,G,88,,598.4,598.4
2,25,30,TRUE,rotifer,E25NRP,2,H,,1,0,1
2,25,30,TRUE,protist,E25NRP,2,H,55,,374,374
2,30,30,TRUE,rotifer,E30HRP,2,I,,4,0,4
2,30,30,TRUE,protist,E30HRP,2,I,62,,421.6,421.6
2,30,25,TRUE,rotifer,E30NRP,2,J,,1,0,1
2,30,25,TRUE,protist,E30NRP,2,J,38,,258.4,258.4
2,25,25,FALSE,rotifer,E25HR,3,A,,5,0,5
2,25,30,FALSE,rotifer,E25NR,3,B,,5,0,5
2,30,30,FALSE,rotifer,E30HR,3,C,,7,0,7
2,30,25,FALSE,rotifer,E30NR,3,D,,4,0,4
2,25,25,FALSE,protist,HP,3,E,97,,659.6,659.6
2,25,30,FALSE,protist,NP,3,F,66,,448.8,448.8
2,25,25,TRUE,rotifer,E25HRP,3,G,,4,0,4
2,25,25,TRUE,protist,E25HRP,3,G,68,,462.4,462.4
2,25,30,TRUE,rotifer,E25NRP,3,H,,8,0,8
2,25,30,TRUE,protist,E25NRP,3,H,62,,421.6,421.6
2,30,30,TRUE,rotifer,E30HRP,3,I,,7,0,7
2,30,30,TRUE,protist,E30HRP,3,I,80,,544,544
2,30,25,TRUE,rotifer,E30NRP,3,J,,2,0,2
2,30,25,TRUE,protist,E30NRP,3,J,59,,401.2,401.2
2,25,25,FALSE,rotifer,E25HR,4,A,,7,0,7
2,25,30,FALSE,rotifer,E25NR,4,B,,7,0,7
2,30,30,FALSE,rotifer,E30HR,4,C,,9,0,9
2,30,25,FALSE,rotifer,E30NR,4,D,,7,0,7
2,25,25,FALSE,protist,HP,4,E,107,,727.6,727.6
2,25,30,FALSE,protist,NP,4,F,63,,428.4,428.4
2,25,25,TRUE,rotifer,E25HRP,4,G,,8,0,8
2,25,25,TRUE,protist,E25HRP,4,G,42,,285.6,285.6
2,25,30,TRUE,rotifer,E25NRP,4,H,,5,0,5
2,25,30,TRUE,protist,E25NRP,4,H,55,,374,374
2,30,30,TRUE,rotifer,E30HRP,4,I,,5,0,5
2,30,30,TRUE,protist,E30HRP,4,I,70,,476,476
2,30,25,TRUE,rotifer,E30NRP,4,J,,7,0,7
2,30,25,TRUE,protist,E30NRP,4,J,33,,224.4,224.4
2,25,25,FALSE,rotifer,E25HR,5,A,,5,0,5
2,25,30,FALSE,rotifer,E25NR,5,B,,8,0,8
2,30,30,FALSE,rotifer,E30HR,5,C,,3,0,3
2,30,25,FALSE,rotifer,E30NR,5,D,,12,0,12
2,25,25,FALSE,protist,HP,5,E,111,,754.8,754.8
2,25,30,FALSE,protist,NP,5,F,88,,598.4,598.4
2,25,25,TRUE,rotifer,E25HRP,5,G,,11,0,11
2,25,25,TRUE,protist,E25HRP,5,G,19,,129.2,129.2
2,25,30,TRUE,rotifer,E25NRP,5,H,,9,0,9
2,25,30,TRUE,protist,E25NRP,5,H,60,,408,408
2,30,30,TRUE,rotifer,E30HRP,5,I,,5,0,5
2,30,30,TRUE,protist,E30HRP,5,I,63,,428.4,428.4
2,30,25,TRUE,rotifer,E30NRP,5,J,,8,0,8
2,30,25,TRUE,protist,E30NRP,5,J,28,,190.4,190.4
2,25,25,FALSE,rotifer,E25HR,6,A,,11,0,11
2,25,30,FALSE,rotifer,E25NR,6,B,,13,0,13
2,30,30,FALSE,rotifer,E30HR,6,C,,5,0,5
2,30,25,FALSE,rotifer,E30NR,6,D,,3,0,3
2,25,25,FALSE,protist,HP,6,E,35,,238,238
2,25,30,FALSE,protist,NP,6,F,37,,251.6,251.6
2,25,25,TRUE,rotifer,E25HRP,6,G,,8,0,8
2,25,25,TRUE,protist,E25HRP,6,G,56,,380.8,380.8
2,25,30,TRUE,rotifer,E25NRP,6,H,,6,0,6
2,25,30,TRUE,protist,E25NRP,6,H,43,,292.4,292.4
2,30,30,TRUE,rotifer,E30HRP,6,I,,2,0,2
2,30,30,TRUE,protist,E30HRP,6,I,34,,231.2,231.2
2,30,25,TRUE,rotifer,E30NRP,6,J,,8,0,8
2,30,25,TRUE,protist,E30NRP,6,J,55,,374,374
2,25,25,FALSE,rotifer,E25HR,7,A,,3,0,3
2,25,30,FALSE,rotifer,E25NR,7,B,,5,0,5
2,30,30,FALSE,rotifer,E30HR,7,C,,15,0,15
2,30,25,FALSE,rotifer,E30NR,7,D,,5,0,5
2,25,25,FALSE,protist,HP,7,E,27,,183.6,183.6
2,25,30,FALSE,protist,NP,7,F,80,,544,544
2,25,25,TRUE,rotifer,E25HRP,7,G,,5,0,5
2,25,25,TRUE,protist,E25HRP,7,G,38,,258.4,258.4
2,25,30,TRUE,rotifer,E25NRP,7,H,,1,0,1
2,25,30,TRUE,protist,E25NRP,7,H,77,,523.6,523.6
2,30,30,TRUE,rotifer,E30HRP,7,I,,10,0,10
2,30,30,TRUE,protist,E30HRP,7,I,80,,544,544
2,30,25,TRUE,rotifer,E30NRP,7,J,,3,0,3
2,30,25,TRUE,protist,E30NRP,7,J,43,,292.4,292.4
2,25,25,FALSE,rotifer,E25HR,8,A,,7,0,7
2,25,30,FALSE,rotifer,E25NR,8,B,,6,0,6
2,30,30,FALSE,rotifer,E30HR,8,C,,4,0,4
2,30,25,FALSE,rotifer,E30NR,8,D,,5,0,5
2,25,25,FALSE,protist,HP,8,E,38,,258.4,258.4
2,25,30,FALSE,protist,NP,8,F,77,,523.6,523.6
2,25,25,TRUE,rotifer,E25HRP,8,G,,2,0,2
2,25,25,TRUE,protist,E25HRP,8,G,49,,333.2,333.2
2,25,30,TRUE,rotifer,E25NRP,8,H,,5,0,5
2,25,30,TRUE,protist,E25NRP,8,H,58,,394.4,394.4
2,30,30,TRUE,rotifer,E30HRP,8,I,,5,0,5
2,30,30,TRUE,protist,E30HRP,8,I,47,,319.6,319.6
2,30,25,TRUE,rotifer,E30NRP,8,J,,6,0,6
2,30,25,TRUE,protist,E30NRP,8,J,16,,108.8,108.8
2,25,25,FALSE,rotifer,E25HR,9,A,,4,0,4
2,25,30,FALSE,rotifer,E25NR,9,B,,3,0,3
2,30,30,FALSE,rotifer,E30HR,9,C,,3,0,3
2,30,25,FALSE,rotifer,E30NR,9,D,,11,0,11
2,25,25,FALSE,protist,HP,9,E,40,,272,272
2,25,30,FALSE,protist,NP,9,F,65,,442,442
2,25,25,TRUE,rotifer,E25HRP,9,G,,5,0,5
2,25,25,TRUE,protist,E25HRP,9,G,79,,537.2,537.2
2,25,30,TRUE,rotifer,E25NRP,9,H,,3,0,3
2,25,30,TRUE,protist,E25NRP,9,H,81,,550.8,550.8
2,30,30,TRUE,rotifer,E30HRP,9,I,,4,0,4
2,30,30,TRUE,protist,E30HRP,9,I,100,,680,680
2,30,25,TRUE,rotifer,E30NRP,9,J,,3,0,3
2,30,25,TRUE,protist,E30NRP,9,J,29,,197.2,197.2
2,25,25,FALSE,rotifer,E25HR,10,A,,8,0,8
2,25,30,FALSE,rotifer,E25NR,10,B,,8,0,8
2,30,30,FALSE,rotifer,E30HR,10,C,,11,0,11
2,30,25,FALSE,rotifer,E30NR,10,D,,9,0,9
2,25,25,FALSE,protist,HP,10,E,35,,238,238
2,25,30,FALSE,protist,NP,10,F,99,,673.2,673.2
2,25,25,TRUE,rotifer,E25HRP,10,G,,10,0,10
2,25,25,TRUE,protist,E25HRP,10,G,78,,530.4,530.4
2,25,30,TRUE,rotifer,E25NRP,10,H,,5,0,5
2,25,30,TRUE,protist,E25NRP,10,H,82,,557.6,557.6
2,30,30,TRUE,rotifer,E30HRP,10,I,,8,0,8
2,30,30,TRUE,protist,E30HRP,10,I,39,,265.2,265.2
2,30,25,TRUE,rotifer,E30NRP,10,J,,4,0,4
2,30,25,TRUE,protist,E30NRP,10,J,22,,149.6,149.6
2.5,25,25,FALSE,rotifer,E25HR,1,A,,7,0,7
2.5,25,30,FALSE,rotifer,E25NR,1,B,,12,0,12
2.5,30,30,FALSE,rotifer,E30HR,1,C,,7,0,7
2.5,30,25,FALSE,rotifer,E30NR,1,D,,4,0,4
2.5,25,25,FALSE,protist,HP,1,E,106,,720.8,720.8
2.5,25,30,FALSE,protist,NP,1,F,145,,986,986
2.5,25,25,TRUE,rotifer,E25HRP,1,G,,6,0,6
2.5,25,25,TRUE,protist,E25HRP,1,G,40,,272,272
2.5,25,30,TRUE,rotifer,E25NRP,1,H,,8,0,8
2.5,25,30,TRUE,protist,E25NRP,1,H,119,,809.2,809.2
2.5,30,30,TRUE,rotifer,E30HRP,1,I,,5,0,5
2.5,30,30,TRUE,protist,E30HRP,1,I,103,,700.4,700.4
2.5,30,25,TRUE,rotifer,E30NRP,1,J,,4,0,4
2.5,30,25,TRUE,protist,E30NRP,1,J,76,,516.8,516.8
2.5,25,25,FALSE,rotifer,E25HR,2,A,,7,0,7
2.5,25,30,FALSE,rotifer,E25NR,2,B,,7,0,7
2.5,30,30,FALSE,rotifer,E30HR,2,C,,5,0,5
2.5,30,25,FALSE,rotifer,E30NR,2,D,,3,0,3
2.5,25,25,FALSE,protist,HP,2,E,84,,571.2,571.2
2.5,25,30,FALSE,protist,NP,2,F,127,,863.6,863.6
2.5,25,25,TRUE,rotifer,E25HRP,2,G,,8,0,8
2.5,25,25,TRUE,protist,E25HRP,2,G,95,,646,646
2.5,25,30,TRUE,rotifer,E25NRP,2,H,,7,0,7
2.5,25,30,TRUE,protist,E25NRP,2,H,119,,809.2,809.2
2.5,30,30,TRUE,rotifer,E30HRP,2,I,,3,0,3
2.5,30,30,TRUE,protist,E30HRP,2,I,79,,537.2,537.2
2.5,30,25,TRUE,rotifer,E30NRP,2,J,,6,0,6
2.5,30,25,TRUE,protist,E30NRP,2,J,56,,380.8,380.8
2.5,25,25,FALSE,rotifer,E25HR,3,A,,6,0,6
2.5,25,30,FALSE,rotifer,E25NR,3,B,,8,0,8
2.5,30,30,FALSE,rotifer,E30HR,3,C,,10,0,10
2.5,30,25,FALSE,rotifer,E30NR,3,D,,6,0,6
2.5,25,25,FALSE,protist,HP,3,E,67,,455.6,455.6
2.5,25,30,FALSE,protist,NP,3,F,69,,469.2,469.2
2.5,25,25,TRUE,rotifer,E25HRP,3,G,,7,0,7
2.5,25,25,TRUE,protist,E25HRP,3,G,54,,367.2,367.2
2.5,25,30,TRUE,rotifer,E25NRP,3,H,,4,0,4
2.5,25,30,TRUE,protist,E25NRP,3,H,95,,646,646
2.5,30,30,TRUE,rotifer,E30HRP,3,I,,7,0,7
2.5,30,30,TRUE,protist,E30HRP,3,I,94,,639.2,639.2
2.5,30,25,TRUE,rotifer,E30NRP,3,J,,3,0,3
2.5,30,25,TRUE,protist,E30NRP,3,J,65,,442,442
2.5,25,25,FALSE,rotifer,E25HR,4,A,,7,0,7
2.5,25,30,FALSE,rotifer,E25NR,4,B,,21,0,21
2.5,30,30,FALSE,rotifer,E30HR,4,C,,11,0,11
2.5,30,25,FALSE,rotifer,E30NR,4,D,,4,0,4
2.5,25,25,FALSE,protist,HP,4,E,47,,319.6,319.6
2.5,25,30,FALSE,protist,NP,4,F,121,,822.8,822.8
2.5,25,25,TRUE,rotifer,E25HRP,4,G,,9,0,9
2.5,25,25,TRUE,protist,E25HRP,4,G,44,,299.2,299.2
2.5,25,30,TRUE,rotifer,E25NRP,4,H,,9,0,9
2.5,25,30,TRUE,protist,E25NRP,4,H,66,,448.8,448.8
2.5,30,30,TRUE,rotifer,E30HRP,4,I,,6,0,6
2.5,30,30,TRUE,protist,E30HRP,4,I,53,,360.4,360.4
2.5,30,25,TRUE,rotifer,E30NRP,4,J,,6,0,6
2.5,30,25,TRUE,protist,E30NRP,4,J,31,,210.8,210.8
2.5,25,25,FALSE,rotifer,E25HR,5,A,,8,0,8
2.5,25,30,FALSE,rotifer,E25NR,5,B,,14,0,14
2.5,30,30,FALSE,rotifer,E30HR,5,C,,20,0,20
2.5,30,25,FALSE,rotifer,E30NR,5,D,,9,0,9
2.5,25,25,FALSE,protist,HP,5,E,68,,462.4,462.4
2.5,25,30,FALSE,protist,NP,5,F,160,,1088,1088
2.5,25,25,TRUE,rotifer,E25HRP,5,G,,7,0,7
2.5,25,25,TRUE,protist,E25HRP,5,G,63,,428.4,428.4
2.5,25,30,TRUE,rotifer,E25NRP,5,H,,9,0,9
2.5,25,30,TRUE,protist,E25NRP,5,H,141,,958.8,958.8
2.5,30,30,TRUE,rotifer,E30HRP,5,I,,13,0,13
2.5,30,30,TRUE,protist,E30HRP,5,I,98,,666.4,666.4
2.5,30,25,TRUE,rotifer,E30NRP,5,J,,4,0,4
2.5,30,25,TRUE,protist,E30NRP,5,J,63,,428.4,428.4
2.5,25,25,FALSE,rotifer,E25HR,6,A,,8,0,8
2.5,25,30,FALSE,rotifer,E25NR,6,B,,8,0,8
2.5,30,30,FALSE,rotifer,E30HR,6,C,,5,0,5
2.5,30,25,FALSE,rotifer,E30NR,6,D,,11,0,11
2.5,25,25,FALSE,protist,HP,6,E,74,,503.2,503.2
2.5,25,30,FALSE,protist,NP,6,F,166,,1128.8,1128.8
2.5,25,25,TRUE,rotifer,E25HRP,6,G,,6,0,6
2.5,25,25,TRUE,protist,E25HRP,6,G,80,,544,544
2.5,25,30,TRUE,rotifer,E25NRP,6,H,,13,0,13
2.5,25,30,TRUE,protist,E25NRP,6,H,111,,754.8,754.8
2.5,30,30,TRUE,rotifer,E30HRP,6,I,,6,0,6
2.5,30,30,TRUE,protist,E30HRP,6,I,89,,605.2,605.2
2.5,30,25,TRUE,rotifer,E30NRP,6,J,,4,0,4
2.5,30,25,TRUE,protist,E30NRP,6,J,60,,408,408
2.5,25,25,FALSE,rotifer,E25HR,7,A,,7,0,7
2.5,25,30,FALSE,rotifer,E25NR,7,B,,7,0,7
2.5,30,30,FALSE,rotifer,E30HR,7,C,,10,0,10
2.5,30,25,FALSE,rotifer,E30NR,7,D,,9,0,9
2.5,25,25,FALSE,protist,HP,7,E,49,,333.2,333.2
2.5,25,30,FALSE,protist,NP,7,F,83,,564.4,564.4
2.5,25,25,TRUE,rotifer,E25HRP,7,G,,7,0,7
2.5,25,25,TRUE,protist,E25HRP,7,G,54,,367.2,367.2
2.5,25,30,TRUE,rotifer,E25NRP,7,H,,9,0,9
2.5,25,30,TRUE,protist,E25NRP,7,H,44,,299.2,299.2
2.5,30,30,TRUE,rotifer,E30HRP,7,I,,6,0,6
2.5,30,30,TRUE,protist,E30HRP,7,I,101,,686.8,686.8
2.5,30,25,TRUE,rotifer,E30NRP,7,J,,2,0,2
2.5,30,25,TRUE,protist,E30NRP,7,J,42,,285.6,285.6
2.5,25,25,FALSE,rotifer,E25HR,8,A,,9,0,9
2.5,25,30,FALSE,rotifer,E25NR,8,B,,4,0,4
2.5,30,30,FALSE,rotifer,E30HR,8,C,,5,0,5
2.5,30,25,FALSE,rotifer,E30NR,8,D,,6,0,6
2.5,25,25,FALSE,protist,HP,8,E,58,,394.4,394.4
2.5,25,30,FALSE,protist,NP,8,F,124,,843.2,843.2
2.5,25,25,TRUE,rotifer,E25HRP,8,G,,6,0,6
2.5,25,25,TRUE,protist,E25HRP,8,G,76,,516.8,516.8
2.5,25,30,TRUE,rotifer,E25NRP,8,H,,9,0,9
2.5,25,30,TRUE,protist,E25NRP,8,H,116,,788.8,788.8
2.5,30,30,TRUE,rotifer,E30HRP,8,I,,5,0,5
2.5,30,30,TRUE,protist,E30HRP,8,I,78,,530.4,530.4
2.5,30,25,TRUE,rotifer,E30NRP,8,J,,5,0,5
2.5,30,25,TRUE,protist,E30NRP,8,J,73,,496.4,496.4
2.5,25,25,FALSE,rotifer,E25HR,9,A,,7,0,7
2.5,25,30,FALSE,rotifer,E25NR,9,B,,9,0,9
2.5,30,30,FALSE,rotifer,E30HR,9,C,,6,0,6
2.5,30,25,FALSE,rotifer,E30NR,9,D,,4,0,4
2.5,25,25,FALSE,protist,HP,9,E,116,,788.8,788.8
2.5,25,30,FALSE,protist,NP,9,F,102,,693.6,693.6
2.5,25,25,TRUE,rotifer,E25HRP,9,G,,8,0,8
2.5,25,25,TRUE,protist,E25HRP,9,G,58,,394.4,394.4
2.5,25,30,TRUE,rotifer,E25NRP,9,H,,10,0,10
2.5,25,30,TRUE,protist,E25NRP,9,H,95,,646,646
2.5,30,30,TRUE,rotifer,E30HRP,9,I,,8,0,8
2.5,30,30,TRUE,protist,E30HRP,9,I,92,,625.6,625.6
2.5,30,25,TRUE,rotifer,E30NRP,9,J,,7,0,7
2.5,30,25,TRUE,protist,E30NRP,9,J,103,,700.4,700.4
2.5,25,25,FALSE,rotifer,E25HR,10,A,,6,0,6
2.5,25,30,FALSE,rotifer,E25NR,10,B,,8,0,8
2.5,30,30,FALSE,rotifer,E30HR,10,C,,4,0,4
2.5,30,25,FALSE,rotifer,E30NR,10,D,,4,0,4
2.5,25,25,FALSE,protist,HP,10,E,77,,523.6,523.6
2.5,25,30,FALSE,protist,NP,10,F,45,,306,306
2.5,25,25,TRUE,rotifer,E25HRP,10,G,,4,0,4
2.5,25,25,TRUE,protist,E25HRP,10,G,121,,822.8,822.8
2.5,25,30,TRUE,rotifer,E25NRP,10,H,,5,0,5
2.5,25,30,TRUE,protist,E25NRP,10,H,89,,605.2,605.2
2.5,30,30,TRUE,rotifer,E30HRP,10,I,,6,0,6
2.5,30,30,TRUE,protist,E30HRP,10,I,93,,632.4,632.4
2.5,30,25,TRUE,rotifer,E30NRP,10,J,,7,0,7
2.5,30,25,TRUE,protist,E30NRP,10,J,102,,693.6,693.6
3.5,25,25,FALSE,rotifer,E25HR,1,A,,7,0,7
3.5,25,30,FALSE,rotifer,E25NR,1,B,,19,0,19
3.5,30,30,FALSE,rotifer,E30HR,1,C,,19,0,19
3.5,30,25,FALSE,rotifer,E30NR,1,D,,8,0,8
3.5,25,25,FALSE,protist,HP,1,E,211,,1434.8,1434.8
3.5,25,30,FALSE,protist,NP,1,F,104,,707.2,707.2
3.5,25,25,TRUE,rotifer,E25HRP,1,G,,5,0,5
3.5,25,25,TRUE,protist,E25HRP,1,G,79,,537.2,537.2
3.5,25,30,TRUE,rotifer,E25NRP,1,H,,11,0,11
3.5,25,30,TRUE,protist,E25NRP,1,H,129,,877.2,877.2
3.5,30,30,TRUE,rotifer,E30HRP,1,I,,12,0,12
3.5,30,30,TRUE,protist,E30HRP,1,I,180,,1224,1224
3.5,30,25,TRUE,rotifer,E30NRP,1,J,,8,0,8
3.5,30,25,TRUE,protist,E30NRP,1,J,101,,686.8,686.8
3.5,25,25,FALSE,rotifer,E25HR,2,A,,8,0,8
3.5,25,30,FALSE,rotifer,E25NR,2,B,,17,0,17
3.5,30,30,FALSE,rotifer,E30HR,2,C,,11,0,11
3.5,30,25,FALSE,rotifer,E30NR,2,D,,4,0,4
3.5,25,25,FALSE,protist,HP,2,E,35,,238,238
3.5,25,30,FALSE,protist,NP,2,F,111,,754.8,754.8
3.5,25,25,TRUE,rotifer,E25HRP,2,G,,7,0,7
3.5,25,25,TRUE,protist,E25HRP,2,G,164,,1115.2,1115.2
3.5,25,30,TRUE,rotifer,E25NRP,2,H,,13,0,13
3.5,25,30,TRUE,protist,E25NRP,2,H,140,,952,952
3.5,30,30,TRUE,rotifer,E30HRP,2,I,,8,0,8
3.5,30,30,TRUE,protist,E30HRP,2,I,94,,639.2,639.2
3.5,30,25,TRUE,rotifer,E30NRP,2,J,,6,0,6
3.5,30,25,TRUE,protist,E30NRP,2,J,82,,557.6,557.6
3.5,25,25,FALSE,rotifer,E25HR,3,A,,4,0,4
3.5,25,30,FALSE,rotifer,E25NR,3,B,,21,0,21
3.5,30,30,FALSE,rotifer,E30HR,3,C,,17,0,17
3.5,30,25,FALSE,rotifer,E30NR,3,D,,2,0,2
3.5,25,25,FALSE,protist,HP,3,E,67,,455.6,455.6
3.5,25,30,FALSE,protist,NP,3,F,124,,843.2,843.2
3.5,25,25,TRUE,rotifer,E25HRP,3,G,,5,0,5
3.5,25,25,TRUE,protist,E25HRP,3,G,108,,734.4,734.4
3.5,25,30,TRUE,rotifer,E25NRP,3,H,,9,0,9
3.5,25,30,TRUE,protist,E25NRP,3,H,139,,945.2,945.2
3.5,30,30,TRUE,rotifer,E30HRP,3,I,,8,0,8
3.5,30,30,TRUE,protist,E30HRP,3,I,103,,700.4,700.4
3.5,30,25,TRUE,rotifer,E30NRP,3,J,,5,0,5
3.5,30,25,TRUE,protist,E30NRP,3,J,142,,965.6,965.6
3.5,25,25,FALSE,rotifer,E25HR,4,A,,13,0,13
3.5,25,30,FALSE,rotifer,E25NR,4,B,,32,0,32
3.5,30,30,FALSE,rotifer,E30HR,4,C,,26,0,26
3.5,30,25,FALSE,rotifer,E30NR,4,D,,10,0,10
3.5,25,25,FALSE,protist,HP,4,E,95,,646,646
3.5,25,30,FALSE,protist,NP,4,F,113,,768.4,768.4
3.5,25,25,TRUE,rotifer,E25HRP,4,G,,7,0,7
3.5,25,25,TRUE,protist,E25HRP,4,G,78,,530.4,530.4
3.5,25,30,TRUE,rotifer,E25NRP,4,H,,15,0,15
3.5,25,30,TRUE,protist,E25NRP,4,H,96,,652.8,652.8
3.5,30,30,TRUE,rotifer,E30HRP,4,I,,6,0,6
3.5,30,30,TRUE,protist,E30HRP,4,I,117,,795.6,795.6
3.5,30,25,TRUE,rotifer,E30NRP,4,J,,6,0,6
3.5,30,25,TRUE,protist,E30NRP,4,J,72,,489.6,489.6
3.5,25,25,FALSE,rotifer,E25HR,5,A,,12,0,12
3.5,25,30,FALSE,rotifer,E25NR,5,B,,28,0,28
3.5,30,30,FALSE,rotifer,E30HR,5,C,,30,0,30
3.5,30,25,FALSE,rotifer,E30NR,5,D,,11,0,11
3.5,25,25,FALSE,protist,HP,5,E,104,,707.2,707.2
3.5,25,30,FALSE,protist,NP,5,F,89,,605.2,605.2
3.5,25,25,TRUE,rotifer,E25HRP,5,G,,10,0,10
3.5,25,25,TRUE,protist,E25HRP,5,G,60,,408,408
3.5,25,30,TRUE,rotifer,E25NRP,5,H,,11,0,11
3.5,25,30,TRUE,protist,E25NRP,5,H,108,,734.4,734.4
3.5,30,30,TRUE,rotifer,E30HRP,5,I,,13,0,13
3.5,30,30,TRUE,protist,E30HRP,5,I,117,,795.6,795.6
3.5,30,25,TRUE,rotifer,E30NRP,5,J,,11,0,11
3.5,30,25,TRUE,protist,E30NRP,5,J,58,,394.4,394.4
3.5,25,25,FALSE,rotifer,E25HR,6,A,,5,0,5
3.5,25,30,FALSE,rotifer,E25NR,6,B,,28,0,28
3.5,30,30,FALSE,rotifer,E30HR,6,C,,23,0,23
3.5,30,25,FALSE,rotifer,E30NR,6,D,,8,0,8
3.5,25,25,FALSE,protist,HP,6,E,144,,979.2,979.2
3.5,25,30,FALSE,protist,NP,6,F,183,,1244.4,1244.4
3.5,25,25,TRUE,rotifer,E25HRP,6,G,,5,0,5
3.5,25,25,TRUE,protist,E25HRP,6,G,83,,564.4,564.4
3.5,25,30,TRUE,rotifer,E25NRP,6,H,,8,0,8
3.5,25,30,TRUE,protist,E25NRP,6,H,133,,904.4,904.4
3.5,30,30,TRUE,rotifer,E30HRP,6,I,,9,0,9
3.5,30,30,TRUE,protist,E30HRP,6,I,97,,659.6,659.6
3.5,30,25,TRUE,rotifer,E30NRP,6,J,,1,0,1
3.5,30,25,TRUE,protist,E30NRP,6,J,130,,884,884
3.5,25,25,FALSE,rotifer,E25HR,7,A,,7,0,7
3.5,25,30,FALSE,rotifer,E25NR,7,B,,34,0,34
3.5,30,30,FALSE,rotifer,E30HR,7,C,,32,0,32
3.5,30,25,FALSE,rotifer,E30NR,7,D,,9,0,9
3.5,25,25,FALSE,protist,HP,7,E,91,,618.8,618.8
3.5,25,30,FALSE,protist,NP,7,F,44,,299.2,299.2
3.5,25,25,TRUE,rotifer,E25HRP,7,G,,3,0,3
3.5,25,25,TRUE,protist,E25HRP,7,G,105,,714,714
3.5,25,30,TRUE,rotifer,E25NRP,7,H,,17,0,17
3.5,25,30,TRUE,protist,E25NRP,7,H,225,,1530,1530
3.5,30,30,TRUE,rotifer,E30HRP,7,I,,12,0,12
3.5,30,30,TRUE,protist,E30HRP,7,I,104,,707.2,707.2
3.5,30,25,TRUE,rotifer,E30NRP,7,J,,9,0,9
3.5,30,25,TRUE,protist,E30NRP,7,J,99,,673.2,673.2
3.5,25,25,FALSE,rotifer,E25HR,8,A,,9,0,9
3.5,25,30,FALSE,rotifer,E25NR,8,B,,23,0,23
3.5,30,30,FALSE,rotifer,E30HR,8,C,,24,0,24
3.5,30,25,FALSE,rotifer,E30NR,8,D,,6,0,6
3.5,25,25,FALSE,protist,HP,8,E,96,,652.8,652.8
3.5,25,30,FALSE,protist,NP,8,F,187,,1271.6,1271.6
3.5,25,25,TRUE,rotifer,E25HRP,8,G,,4,0,4
3.5,25,25,TRUE,protist,E25HRP,8,G,122,,829.6,829.6
3.5,25,30,TRUE,rotifer,E25NRP,8,H,,15,0,15
3.5,25,30,TRUE,protist,E25NRP,8,H,162,,1101.6,1101.6
3.5,30,30,TRUE,rotifer,E30HRP,8,I,,15,0,15
3.5,30,30,TRUE,protist,E30HRP,8,I,125,,850,850
3.5,30,25,TRUE,rotifer,E30NRP,8,J,,7,0,7
3.5,30,25,TRUE,protist,E30NRP,8,J,89,,605.2,605.2
3.5,25,25,FALSE,rotifer,E25HR,9,A,,12,0,12
3.5,25,30,FALSE,rotifer,E25NR,9,B,,42,0,42
3.5,30,30,FALSE,rotifer,E30HR,9,C,,18,0,18
3.5,30,25,FALSE,rotifer,E30NR,9,D,,5,0,5
3.5,25,25,FALSE,protist,HP,9,E,104,,707.2,707.2
3.5,25,30,FALSE,protist,NP,9,F,91,,618.8,618.8
3.5,25,25,TRUE,rotifer,E25HRP,9,G,,7,0,7
3.5,25,25,TRUE,protist,E25HRP,9,G,113,,768.4,768.4
3.5,25,30,TRUE,rotifer,E25NRP,9,H,,13,0,13
3.5,25,30,TRUE,protist,E25NRP,9,H,140,,952,952
3.5,30,30,TRUE,rotifer,E30HRP,9,I,,12,0,12
3.5,30,30,TRUE,protist,E30HRP,9,I,106,,720.8,720.8
3.5,30,25,TRUE,rotifer,E30NRP,9,J,,0,0,0
3.5,30,25,TRUE,protist,E30NRP,9,J,113,,768.4,768.4
3.5,25,25,FALSE,rotifer,E25HR,10,A,,10,0,10
3.5,25,30,FALSE,rotifer,E25NR,10,B,,26,0,26
3.5,30,30,FALSE,rotifer,E30HR,10,C,,19,0,19
3.5,30,25,FALSE,rotifer,E30NR,10,D,,5,0,5
3.5,25,25,FALSE,protist,HP,10,E,97,,659.6,659.6
3.5,25,30,FALSE,protist,NP,10,F,88,,598.4,598.4
3.5,25,25,TRUE,rotifer,E25HRP,10,G,,6,0,6
3.5,25,25,TRUE,protist,E25HRP,10,G,95,,646,646
3.5,25,30,TRUE,rotifer,E25NRP,10,H,,17,0,17
3.5,25,30,TRUE,protist,E25NRP,10,H,174,,1183.2,1183.2
3.5,30,30,TRUE,rotifer,E30HRP,10,I,,15,0,15
3.5,30,30,TRUE,protist,E30HRP,10,I,202,,1373.6,1373.6
3.5,30,25,TRUE,rotifer,E30NRP,10,J,,11,0,11
3.5,30,25,TRUE,protist,E30NRP,10,J,100,,680,680
4.5,25,25,FALSE,rotifer,E25HR,1,A,,9,0,9
4.5,25,30,FALSE,rotifer,E25NR,1,B,,53,0,53
4.5,30,30,FALSE,rotifer,E30HR,1,C,,35,0,35
4.5,30,25,FALSE,rotifer,E30NR,1,D,,11,0,11
4.5,25,25,FALSE,protist,HP,1,E,57,,387.6,387.6
4.5,25,30,FALSE,protist,NP,1,F,196,,1332.8,1332.8
4.5,25,25,TRUE,rotifer,E25HRP,1,G,,11,0,11
4.5,25,25,TRUE,protist,E25HRP,1,G,128,,870.4,870.4
4.5,25,30,TRUE,rotifer,E25NRP,1,H,,23,0,23
4.5,25,30,TRUE,protist,E25NRP,1,H,192,,1305.6,1305.6
4.5,30,30,TRUE,rotifer,E30HRP,1,I,,20,0,20
4.5,30,30,TRUE,protist,E30HRP,1,I,154,,1047.2,1047.2
4.5,30,25,TRUE,rotifer,E30NRP,1,J,,5,0,5
4.5,30,25,TRUE,protist,E30NRP,1,J,198,,1346.4,1346.4
4.5,25,25,FALSE,rotifer,E25HR,2,A,,9,0,9
4.5,25,30,FALSE,rotifer,E25NR,2,B,,32,0,32
4.5,30,30,FALSE,rotifer,E30HR,2,C,,28,0,28
4.5,30,25,FALSE,rotifer,E30NR,2,D,,12,0,12
4.5,25,25,FALSE,protist,HP,2,E,129,,877.2,877.2
4.5,25,30,FALSE,protist,NP,2,F,104,,707.2,707.2
4.5,25,25,TRUE,rotifer,E25HRP,2,G,,22,0,22
4.5,25,25,TRUE,protist,E25HRP,2,G,160,,1088,1088
4.5,25,30,TRUE,rotifer,E25NRP,2,H,,12,0,12
4.5,25,30,TRUE,protist,E25NRP,2,H,173,,1176.4,1176.4
4.5,30,30,TRUE,rotifer,E30HRP,2,I,,9,0,9
4.5,30,30,TRUE,protist,E30HRP,2,I,181,,1230.8,1230.8
4.5,30,25,TRUE,rotifer,E30NRP,2,J,,0,0,0
4.5,30,25,TRUE,protist,E30NRP,2,J,135,,918,918
4.5,25,25,FALSE,rotifer,E25HR,3,A,,14,0,14
4.5,25,30,FALSE,rotifer,E25NR,3,B,,46,0,46
4.5,30,30,FALSE,rotifer,E30HR,3,C,,41,0,41
4.5,30,25,FALSE,rotifer,E30NR,3,D,,10,0,10
4.5,25,25,FALSE,protist,HP,3,E,141,,958.8,958.8
4.5,25,30,FALSE,protist,NP,3,F,80,,544,544
4.5,25,25,TRUE,rotifer,E25HRP,3,G,,20,0,20
4.5,25,25,TRUE,protist,E25HRP,3,G,98,,666.4,666.4
4.5,25,30,TRUE,rotifer,E25NRP,3,H,,13,0,13
4.5,25,30,TRUE,protist,E25NRP,3,H,153,,1040.4,1040.4
4.5,30,30,TRUE,rotifer,E30HRP,3,I,,11,0,11
4.5,30,30,TRUE,protist,E30HRP,3,I,97,,659.6,659.6
4.5,30,25,TRUE,rotifer,E30NRP,3,J,,9,0,9
4.5,30,25,TRUE,protist,E30NRP,3,J,66,,448.8,448.8
4.5,25,25,FALSE,rotifer,E25HR,4,A,,24,0,24
4.5,25,30,FALSE,rotifer,E25NR,4,B,,42,0,42
4.5,30,30,FALSE,rotifer,E30HR,4,C,,29,0,29
4.5,30,25,FALSE,rotifer,E30NR,4,D,,13,0,13
4.5,25,25,FALSE,protist,HP,4,E,140,,952,952
4.5,25,30,FALSE,protist,NP,4,F,140,,952,952
4.5,25,25,TRUE,rotifer,E25HRP,4,G,,13,0,13
4.5,25,25,TRUE,protist,E25HRP,4,G,62,,421.6,421.6
4.5,25,30,TRUE,rotifer,E25NRP,4,H,,33,0,33
4.5,25,30,TRUE,protist,E25NRP,4,H,193,,1312.4,1312.4
4.5,30,30,TRUE,rotifer,E30HRP,4,I,,31,0,31
4.5,30,30,TRUE,protist,E30HRP,4,I,101,,686.8,686.8
4.5,30,25,TRUE,rotifer,E30NRP,4,J,,6,0,6
4.5,30,25,TRUE,protist,E30NRP,4,J,41,,278.8,278.8
4.5,25,25,FALSE,rotifer,E25HR,5,A,,14,0,14
4.5,25,30,FALSE,rotifer,E25NR,5,B,,53,0,53
4.5,30,30,FALSE,rotifer,E30HR,5,C,,48,0,48
4.5,30,25,FALSE,rotifer,E30NR,5,D,,11,0,11
4.5,25,25,FALSE,protist,HP,5,E,85,,578,578
4.5,25,30,FALSE,protist,NP,5,F,111,,754.8,754.8
4.5,25,25,TRUE,rotifer,E25HRP,5,G,,9,0,9
4.5,25,25,TRUE,protist,E25HRP,5,G,55,,374,374
4.5,25,30,TRUE,rotifer,E25NRP,5,H,,28,0,28
4.5,25,30,TRUE,protist,E25NRP,5,H,110,,748,748
4.5,30,30,TRUE,rotifer,E30HRP,5,I,,20,0,20
4.5,30,30,TRUE,protist,E30HRP,5,I,115,,782,782
4.5,30,25,TRUE,rotifer,E30NRP,5,J,,8,0,8
4.5,30,25,TRUE,protist,E30NRP,5,J,63,,428.4,428.4
4.5,25,25,FALSE,rotifer,E25HR,6,A,,10,0,10
4.5,25,30,FALSE,rotifer,E25NR,6,B,,54,0,54
4.5,30,30,FALSE,rotifer,E30HR,6,C,,40,0,40
4.5,30,25,FALSE,rotifer,E30NR,6,D,,7,0,7
4.5,25,25,FALSE,protist,HP,6,E,137,,931.6,931.6
4.5,25,30,FALSE,protist,NP,6,F,180,,1224,1224
4.5,25,25,TRUE,rotifer,E25HRP,6,G,,7,0,7
4.5,25,25,TRUE,protist,E25HRP,6,G,87,,591.6,591.6
4.5,25,30,TRUE,rotifer,E25NRP,6,H,,29,0,29
4.5,25,30,TRUE,protist,E25NRP,6,H,102,,693.6,693.6
4.5,30,30,TRUE,rotifer,E30HRP,6,I,,23,0,23
4.5,30,30,TRUE,protist,E30HRP,6,I,213,,1448.4,1448.4
4.5,30,25,TRUE,rotifer,E30NRP,6,J,,7,0,7
4.5,30,25,TRUE,protist,E30NRP,6,J,134,,911.2,911.2
4.5,25,25,FALSE,rotifer,E25HR,7,A,,14,0,14
4.5,25,30,FALSE,rotifer,E25NR,7,B,,65,0,65
4.5,30,30,FALSE,rotifer,E30HR,7,C,,36,0,36
4.5,30,25,FALSE,rotifer,E30NR,7,D,,8,0,8
4.5,25,25,FALSE,protist,HP,7,E,134,,911.2,911.2
4.5,25,30,FALSE,protist,NP,7,F,149,,1013.2,1013.2
4.5,25,25,TRUE,rotifer,E25HRP,7,G,,16,0,16
4.5,25,25,TRUE,protist,E25HRP,7,G,109,,741.2,741.2
4.5,25,30,TRUE,rotifer,E25NRP,7,H,,25,0,25
4.5,25,30,TRUE,protist,E25NRP,7,H,180,,1224,1224
4.5,30,30,TRUE,rotifer,E30HRP,7,I,,20,0,20
4.5,30,30,TRUE,protist,E30HRP,7,I,98,,666.4,666.4
4.5,30,25,TRUE,rotifer,E30NRP,7,J,,7,0,7
4.5,30,25,TRUE,protist,E30NRP,7,J,149,,1013.2,1013.2
4.5,25,25,FALSE,rotifer,E25HR,8,A,,15,0,15
4.5,25,30,FALSE,rotifer,E25NR,8,B,,41,0,41
4.5,30,30,FALSE,rotifer,E30HR,8,C,,17,0,17
4.5,30,25,FALSE,rotifer,E30NR,8,D,,11,0,11
4.5,25,25,FALSE,protist,HP,8,E,74,,503.2,503.2
4.5,25,30,FALSE,protist,NP,8,F,135,,918,918
4.5,25,25,TRUE,rotifer,E25HRP,8,G,,8,0,8
4.5,25,25,TRUE,protist,E25HRP,8,G,146,,992.8,992.8
4.5,25,30,TRUE,rotifer,E25NRP,8,H,,28,0,28
4.5,25,30,TRUE,protist,E25NRP,8,H,166,,1128.8,1128.8
4.5,30,30,TRUE,rotifer,E30HRP,8,I,,35,0,35
4.5,30,30,TRUE,protist,E30HRP,8,I,133,,904.4,904.4
4.5,30,25,TRUE,rotifer,E30NRP,8,J,,10,0,10
4.5,30,25,TRUE,protist,E30NRP,8,J,97,,659.6,659.6
4.5,25,25,FALSE,rotifer,E25HR,9,A,,12,0,12
4.5,25,30,FALSE,rotifer,E25NR,9,B,,45,0,45
4.5,30,30,FALSE,rotifer,E30HR,9,C,,36,0,36
4.5,30,25,FALSE,rotifer,E30NR,9,D,,6,0,6
4.5,25,25,FALSE,protist,HP,9,E,235,,1598,1598
4.5,25,30,FALSE,protist,NP,9,F,137,,931.6,931.6
4.5,25,25,TRUE,rotifer,E25HRP,9,G,,15,0,15
4.5,25,25,TRUE,protist,E25HRP,9,G,78,,530.4,530.4
4.5,25,30,TRUE,rotifer,E25NRP,9,H,,23,0,23
4.5,25,30,TRUE,protist,E25NRP,9,H,114,,775.2,775.2
4.5,30,30,TRUE,rotifer,E30HRP,9,I,,21,0,21
4.5,30,30,TRUE,protist,E30HRP,9,I,123,,836.4,836.4
4.5,30,25,TRUE,rotifer,E30NRP,9,J,,3,0,3
4.5,30,25,TRUE,protist,E30NRP,9,J,73,,496.4,496.4
4.5,25,25,FALSE,rotifer,E25HR,10,A,,10,0,10
4.5,25,30,FALSE,rotifer,E25NR,10,B,,42,0,42
4.5,30,30,FALSE,rotifer,E30HR,10,C,,33,0,33
4.5,30,25,FALSE,rotifer,E30NR,10,D,,16,0,16
4.5,25,25,FALSE,protist,HP,10,E,100,,680,680
4.5,25,30,FALSE,protist,NP,10,F,115,,782,782
4.5,25,25,TRUE,rotifer,E25HRP,10,G,,16,0,16
4.5,25,25,TRUE,protist,E25HRP,10,G,112,,761.6,761.6
4.5,25,30,TRUE,rotifer,E25NRP,10,H,,31,0,31
4.5,25,30,TRUE,protist,E25NRP,10,H,61,,414.8,414.8
4.5,30,30,TRUE,rotifer,E30HRP,10,I,,18,0,18
4.5,30,30,TRUE,protist,E30HRP,10,I,144,,979.2,979.2
4.5,30,25,TRUE,rotifer,E30NRP,10,J,,5,0,5
4.5,30,25,TRUE,protist,E30NRP,10,J,129,,877.2,877.2
5.5,25,25,FALSE,rotifer,E25HR,1,A,,33,0,33
5.5,25,30,FALSE,rotifer,E25NR,1,B,18,,122.4,122.4
5.5,30,30,FALSE,rotifer,E30HR,1,C,,50,0,50
5.5,30,25,FALSE,rotifer,E30NR,1,D,,24,0,24
5.5,25,25,FALSE,protist,HP,1,E,265,,1802,1802
5.5,25,30,FALSE,protist,NP,1,F,89,,605.2,605.2
5.5,25,25,TRUE,rotifer,E25HRP,1,G,,18,0,18
5.5,25,25,TRUE,protist,E25HRP,1,G,136,,924.8,924.8
5.5,25,30,TRUE,rotifer,E25NRP,1,H,,21,0,21
5.5,25,30,TRUE,protist,E25NRP,1,H,181,,1230.8,1230.8
5.5,30,30,TRUE,rotifer,E30HRP,1,I,,13,0,13
5.5,30,30,TRUE,protist,E30HRP,1,I,82,,557.6,557.6
5.5,30,25,TRUE,rotifer,E30NRP,1,J,,9,0,9
5.5,30,25,TRUE,protist,E30NRP,1,J,143,,972.4,972.4
5.5,25,25,FALSE,rotifer,E25HR,2,A,,22,0,22
5.5,25,30,FALSE,rotifer,E25NR,2,B,,43,0,43
5.5,30,30,FALSE,rotifer,E30HR,2,C,,49,0,49
5.5,30,25,FALSE,rotifer,E30NR,2,D,,24,0,24
5.5,25,25,FALSE,protist,HP,2,E,234,,1591.2,1591.2
5.5,25,30,FALSE,protist,NP,2,F,124,,843.2,843.2
5.5,25,25,TRUE,rotifer,E25HRP,2,G,,14,0,14
5.5,25,25,TRUE,protist,E25HRP,2,G,98,,666.4,666.4
5.5,25,30,TRUE,rotifer,E25NRP,2,H,,36,0,36
5.5,25,30,TRUE,protist,E25NRP,2,H,73,,496.4,496.4
5.5,30,30,TRUE,rotifer,E30HRP,2,I,,25,0,25
5.5,30,30,TRUE,protist,E30HRP,2,I,104,,707.2,707.2
5.5,30,25,TRUE,rotifer,E30NRP,2,J,,11,0,11
5.5,30,25,TRUE,protist,E30NRP,2,J,149,,1013.2,1013.2
5.5,25,25,FALSE,rotifer,E25HR,3,A,,35,0,35
5.5,25,30,FALSE,rotifer,E25NR,3,B,11,,74.8,74.8
5.5,30,30,FALSE,rotifer,E30HR,3,C,,51,0,51
5.5,30,25,FALSE,rotifer,E30NR,3,D,,29,0,29
5.5,25,25,FALSE,protist,HP,3,E,165,,1122,1122
5.5,25,30,FALSE,protist,NP,3,F,106,,720.8,720.8
5.5,25,25,TRUE,rotifer,E25HRP,3,G,,19,0,19
5.5,25,25,TRUE,protist,E25HRP,3,G,71,,482.8,482.8
5.5,25,30,TRUE,rotifer,E25NRP,3,H,,15,0,15
5.5,25,30,TRUE,protist,E25NRP,3,H,119,,809.2,809.2
5.5,30,30,TRUE,rotifer,E30HRP,3,I,,20,0,20
5.5,30,30,TRUE,protist,E30HRP,3,I,92,,625.6,625.6
5.5,30,25,TRUE,rotifer,E30NRP,3,J,,14,0,14
5.5,30,25,TRUE,protist,E30NRP,3,J,83,,564.4,564.4
5.5,25,25,FALSE,rotifer,E25HR,4,A,,29,0,29
5.5,25,30,FALSE,rotifer,E25NR,4,B,,55,0,55
5.5,30,30,FALSE,rotifer,E30HR,4,C,,54,0,54
5.5,30,25,FALSE,rotifer,E30NR,4,D,,29,0,29
5.5,25,25,FALSE,protist,HP,4,E,215,,1462,1462
5.5,25,30,FALSE,protist,NP,4,F,83,,564.4,564.4
5.5,25,25,TRUE,rotifer,E25HRP,4,G,,22,0,22
5.5,25,25,TRUE,protist,E25HRP,4,G,47,,319.6,319.6
5.5,25,30,TRUE,rotifer,E25NRP,4,H,,47,0,47
5.5,25,30,TRUE,protist,E25NRP,4,H,114,,775.2,775.2
5.5,30,30,TRUE,rotifer,E30HRP,4,I,,16,0,16
5.5,30,30,TRUE,protist,E30HRP,4,I,136,,924.8,924.8
5.5,30,25,TRUE,rotifer,E30NRP,4,J,,21,0,21
5.5,30,25,TRUE,protist,E30NRP,4,J,89,,605.2,605.2
5.5,25,25,FALSE,rotifer,E25HR,5,A,,16,0,16
5.5,25,30,FALSE,rotifer,E25NR,5,B,14,,95.2,95.2
5.5,30,30,FALSE,rotifer,E30HR,5,C,,59,0,59
5.5,30,25,FALSE,rotifer,E30NR,5,D,,29,0,29
5.5,25,25,FALSE,protist,HP,5,E,138,,938.4,938.4
5.5,25,30,FALSE,protist,NP,5,F,107,,727.6,727.6
5.5,25,25,TRUE,rotifer,E25HRP,5,G,,23,0,23
5.5,25,25,TRUE,protist,E25HRP,5,G,64,,435.2,435.2
5.5,25,30,TRUE,rotifer,E25NRP,5,H,,24,0,24
5.5,25,30,TRUE,protist,E25NRP,5,H,168,,1142.4,1142.4
5.5,30,30,TRUE,rotifer,E30HRP,5,I,,18,0,18
5.5,30,30,TRUE,protist,E30HRP,5,I,165,,1122,1122
5.5,30,25,TRUE,rotifer,E30NRP,5,J,,16,0,16
5.5,30,25,TRUE,protist,E30NRP,5,J,103,,700.4,700.4
5.5,25,25,FALSE,rotifer,E25HR,6,A,,19,0,19
5.5,25,30,FALSE,rotifer,E25NR,6,B,,52,0,52
5.5,30,30,FALSE,rotifer,E30HR,6,C,,65,0,65
5.5,30,25,FALSE,rotifer,E30NR,6,D,,14,0,14
5.5,25,25,FALSE,protist,HP,6,E,171,,1162.8,1162.8
5.5,25,30,FALSE,protist,NP,6,F,126,,856.8,856.8
5.5,25,25,TRUE,rotifer,E25HRP,6,G,,23,0,23
5.5,25,25,TRUE,protist,E25HRP,6,G,96,,652.8,652.8
5.5,25,30,TRUE,rotifer,E25NRP,6,H,,27,0,27
5.5,25,30,TRUE,protist,E25NRP,6,H,141,,958.8,958.8
5.5,30,30,TRUE,rotifer,E30HRP,6,I,,27,0,27
5.5,30,30,TRUE,protist,E30HRP,6,I,120,,816,816
5.5,30,25,TRUE,rotifer,E30NRP,6,J,,6,0,6
5.5,30,25,TRUE,protist,E30NRP,6,J,98,,666.4,666.4
5.5,25,25,FALSE,rotifer,E25HR,7,A,,17,0,17
5.5,25,30,FALSE,rotifer,E25NR,7,B,18,,122.4,122.4
5.5,30,30,FALSE,rotifer,E30HR,7,C,,63,0,63
5.5,30,25,FALSE,rotifer,E30NR,7,D,,20,0,20
5.5,25,25,FALSE,protist,HP,7,E,147,,999.6,999.6
5.5,25,30,FALSE,protist,NP,7,F,146,,992.8,992.8
5.5,25,25,TRUE,rotifer,E25HRP,7,G,,23,0,23
5.5,25,25,TRUE,protist,E25HRP,7,G,81,,550.8,550.8
5.5,25,30,TRUE,rotifer,E25NRP,7,H,,21,0,21
5.5,25,30,TRUE,protist,E25NRP,7,H,119,,809.2,809.2
5.5,30,30,TRUE,rotifer,E30HRP,7,I,,27,0,27
5.5,30,30,TRUE,protist,E30HRP,7,I,86,,584.8,584.8
5.5,30,25,TRUE,rotifer,E30NRP,7,J,,11,0,11
5.5,30,25,TRUE,protist,E30NRP,7,J,77,,523.6,523.6
5.5,25,25,FALSE,rotifer,E25HR,8,A,,24,0,24
5.5,25,30,FALSE,rotifer,E25NR,8,B,,48,0,48
5.5,30,30,FALSE,rotifer,E30HR,8,C,,42,0,42
5.5,30,25,FALSE,rotifer,E30NR,8,D,,13,0,13
5.5,25,25,FALSE,protist,HP,8,E,114,,775.2,775.2
5.5,25,30,FALSE,protist,NP,8,F,141,,958.8,958.8
5.5,25,25,TRUE,rotifer,E25HRP,8,G,,15,0,15
5.5,25,25,TRUE,protist,E25HRP,8,G,108,,734.4,734.4
5.5,25,30,TRUE,rotifer,E25NRP,8,H,,27,0,27
5.5,25,30,TRUE,protist,E25NRP,8,H,128,,870.4,870.4
5.5,30,30,TRUE,rotifer,E30HRP,8,I,,20,0,20
5.5,30,30,TRUE,protist,E30HRP,8,I,114,,775.2,775.2
5.5,30,25,TRUE,rotifer,E30NRP,8,J,,18,0,18
5.5,30,25,TRUE,protist,E30NRP,8,J,84,,571.2,571.2
5.5,25,25,FALSE,rotifer,E25HR,9,A,,39,0,39
5.5,25,30,FALSE,rotifer,E25NR,9,B,11,,74.8,74.8
5.5,30,30,FALSE,rotifer,E30HR,9,C,13,,88.4,88.4
5.5,30,25,FALSE,rotifer,E30NR,9,D,,5,0,5
5.5,25,25,FALSE,protist,HP,9,E,147,,999.6,999.6
5.5,25,30,FALSE,protist,NP,9,F,149,,1013.2,1013.2
5.5,25,25,TRUE,rotifer,E25HRP,9,G,,25,0,25
5.5,25,25,TRUE,protist,E25HRP,9,G,55,,374,374
5.5,25,30,TRUE,rotifer,E25NRP,9,H,,36,0,36
5.5,25,30,TRUE,protist,E25NRP,9,H,174,,1183.2,1183.2
5.5,30,30,TRUE,rotifer,E30HRP,9,I,,38,0,38
5.5,30,30,TRUE,protist,E30HRP,9,I,99,,673.2,673.2
5.5,30,25,TRUE,rotifer,E30NRP,9,J,,13,0,13
5.5,30,25,TRUE,protist,E30NRP,9,J,160,,1088,1088
5.5,25,25,FALSE,rotifer,E25HR,10,A,,16,0,16
5.5,25,30,FALSE,rotifer,E25NR,10,B,,81,0,81
5.5,30,30,FALSE,rotifer,E30HR,10,C,,48,0,48
5.5,30,25,FALSE,rotifer,E30NR,10,D,,23,0,23
5.5,25,25,FALSE,protist,HP,10,E,146,,992.8,992.8
5.5,25,30,FALSE,protist,NP,10,F,149,,1013.2,1013.2
5.5,25,25,TRUE,rotifer,E25HRP,10,G,,14,0,14
5.5,25,25,TRUE,protist,E25HRP,10,G,162,,1101.6,1101.6
5.5,25,30,TRUE,rotifer,E25NRP,10,H,,34,0,34
5.5,25,30,TRUE,protist,E25NRP,10,H,199,,1353.2,1353.2
5.5,30,30,TRUE,rotifer,E30HRP,10,I,,12,0,12
5.5,30,30,TRUE,protist,E30HRP,10,I,122,,829.6,829.6
5.5,30,25,TRUE,rotifer,E30NRP,10,J,,13,0,13
5.5,30,25,TRUE,protist,E30NRP,10,J,161,,1094.8,1094.8
6.5,25,25,FALSE,rotifer,E25HR,1,A,,37,0,37
6.5,25,30,FALSE,rotifer,E25NR,1,B,13,,88.4,88.4
6.5,30,30,FALSE,rotifer,E30HR,1,C,7,,47.6,47.6
6.5,30,25,FALSE,rotifer,E30NR,1,D,,30,0,30
6.5,25,25,FALSE,protist,HP,1,E,196,,1332.8,1332.8
6.5,25,30,FALSE,protist,NP,1,F,129,,877.2,877.2
6.5,25,25,TRUE,rotifer,E25HRP,1,G,,17,0,17
6.5,25,25,TRUE,protist,E25HRP,1,G,111,,754.8,754.8
6.5,25,30,TRUE,rotifer,E25NRP,1,H,,44,0,44
6.5,25,30,TRUE,protist,E25NRP,1,H,195,,1326,1326
6.5,30,30,TRUE,rotifer,E30HRP,1,I,,22,0,22
6.5,30,30,TRUE,protist,E30HRP,1,I,132,,897.6,897.6
6.5,30,25,TRUE,rotifer,E30NRP,1,J,,19,0,19
6.5,30,25,TRUE,protist,E30NRP,1,J,93,,632.4,632.4
6.5,25,25,FALSE,rotifer,E25HR,2,A,,29,0,29
6.5,25,30,FALSE,rotifer,E25NR,2,B,7,,47.6,47.6
6.5,30,30,FALSE,rotifer,E30HR,2,C,6,,40.8,40.8
6.5,30,25,FALSE,rotifer,E30NR,2,D,,27,0,27
6.5,25,25,FALSE,protist,HP,2,E,160,,1088,1088
6.5,25,30,FALSE,protist,NP,2,F,124,,843.2,843.2
6.5,25,25,TRUE,rotifer,E25HRP,2,G,,10,0,10
6.5,25,25,TRUE,protist,E25HRP,2,G,119,,809.2,809.2
6.5,25,30,TRUE,rotifer,E25NRP,2,H,,24,0,24
6.5,25,30,TRUE,protist,E25NRP,2,H,146,,992.8,992.8
6.5,30,30,TRUE,rotifer,E30HRP,2,I,,29,0,29
6.5,30,30,TRUE,protist,E30HRP,2,I,143,,972.4,972.4
6.5,30,25,TRUE,rotifer,E30NRP,2,J,,16,0,16
6.5,30,25,TRUE,protist,E30NRP,2,J,119,,809.2,809.2
6.5,25,25,FALSE,rotifer,E25HR,3,A,,33,0,33
6.5,25,30,FALSE,rotifer,E25NR,3,B,7,,47.6,47.6
6.5,30,30,FALSE,rotifer,E30HR,3,C,9,,61.2,61.2
6.5,30,25,FALSE,rotifer,E30NR,3,D,,30,0,30
6.5,25,25,FALSE,protist,HP,3,E,188,,1278.4,1278.4
6.5,25,30,FALSE,protist,NP,3,F,87,,591.6,591.6
6.5,25,25,TRUE,rotifer,E25HRP,3,G,,31,0,31
6.5,25,25,TRUE,protist,E25HRP,3,G,72,,489.6,489.6
6.5,25,30,TRUE,rotifer,E25NRP,3,H,,33,0,33
6.5,25,30,TRUE,protist,E25NRP,3,H,116,,788.8,788.8
6.5,30,30,TRUE,rotifer,E30HRP,3,I,,22,0,22
6.5,30,30,TRUE,protist,E30HRP,3,I,193,,1312.4,1312.4
6.5,30,25,TRUE,rotifer,E30NRP,3,J,,24,0,24
6.5,30,25,TRUE,protist,E30NRP,3,J,132,,897.6,897.6
6.5,25,25,FALSE,rotifer,E25HR,4,A,,54,0,54
6.5,25,30,FALSE,rotifer,E25NR,4,B,,58,0,58
6.5,30,30,FALSE,rotifer,E30HR,4,C,,58,0,58
6.5,30,25,FALSE,rotifer,E30NR,4,D,,31,0,31
6.5,25,25,FALSE,protist,HP,4,E,148,,1006.4,1006.4
6.5,25,30,FALSE,protist,NP,4,F,141,,958.8,958.8
6.5,25,25,TRUE,rotifer,E25HRP,4,G,,31,0,31
6.5,25,25,TRUE,protist,E25HRP,4,G,116,,788.8,788.8
6.5,25,30,TRUE,rotifer,E25NRP,4,H,,51,0,51
6.5,25,30,TRUE,protist,E25NRP,4,H,112,,761.6,761.6
6.5,30,30,TRUE,rotifer,E30HRP,4,I,,22,0,22
6.5,30,30,TRUE,protist,E30HRP,4,I,124,,843.2,843.2
6.5,30,25,TRUE,rotifer,E30NRP,4,J,,15,0,15
6.5,30,25,TRUE,protist,E30NRP,4,J,77,,523.6,523.6
6.5,25,25,FALSE,rotifer,E25HR,5,A,,31,0,31
6.5,25,30,FALSE,rotifer,E25NR,5,B,,57,0,57
6.5,30,30,FALSE,rotifer,E30HR,5,C,,67,0,67
6.5,30,25,FALSE,rotifer,E30NR,5,D,,45,0,45
6.5,25,25,FALSE,protist,HP,5,E,77,,523.6,523.6
6.5,25,30,FALSE,protist,NP,5,F,67,,455.6,455.6
6.5,25,25,TRUE,rotifer,E25HRP,5,G,,16,0,16
6.5,25,25,TRUE,protist,E25HRP,5,G,121,,822.8,822.8
6.5,25,30,TRUE,rotifer,E25NRP,5,H,,33,0,33
6.5,25,30,TRUE,protist,E25NRP,5,H,135,,918,918
6.5,30,30,TRUE,rotifer,E30HRP,5,I,,32,0,32
6.5,30,30,TRUE,protist,E30HRP,5,I,128,,870.4,870.4
6.5,30,25,TRUE,rotifer,E30NRP,5,J,,16,0,16
6.5,30,25,TRUE,protist,E30NRP,5,J,143,,972.4,972.4
6.5,25,25,FALSE,rotifer,E25HR,6,A,,26,0,26
6.5,25,30,FALSE,rotifer,E25NR,6,B,,72,0,72
6.5,30,30,FALSE,rotifer,E30HR,6,C,,58,0,58
6.5,30,25,FALSE,rotifer,E30NR,6,D,,19,0,19
6.5,25,25,FALSE,protist,HP,6,E,174,,1183.2,1183.2
6.5,25,30,FALSE,protist,NP,6,F,112,,761.6,761.6
6.5,25,25,TRUE,rotifer,E25HRP,6,G,,23,0,23
6.5,25,25,TRUE,protist,E25HRP,6,G,88,,598.4,598.4
6.5,25,30,TRUE,rotifer,E25NRP,6,H,,32,0,32
6.5,25,30,TRUE,protist,E25NRP,6,H,192,,1305.6,1305.6
6.5,30,30,TRUE,rotifer,E30HRP,6,I,,25,0,25
6.5,30,30,TRUE,protist,E30HRP,6,I,106,,720.8,720.8
6.5,30,25,TRUE,rotifer,E30NRP,6,J,,12,0,12
6.5,30,25,TRUE,protist,E30NRP,6,J,102,,693.6,693.6
6.5,25,25,FALSE,rotifer,E25HR,7,A,,31,0,31
6.5,25,30,FALSE,rotifer,E25NR,7,B,10,,68,68
6.5,30,30,FALSE,rotifer,E30HR,7,C,9,,61.2,61.2
6.5,30,25,FALSE,rotifer,E30NR,7,D,,28,0,28
6.5,25,25,FALSE,protist,HP,7,E,76,,516.8,516.8
6.5,25,30,FALSE,protist,NP,7,F,52,,353.6,353.6
6.5,25,25,TRUE,rotifer,E25HRP,7,G,,24,0,24
6.5,25,25,TRUE,protist,E25HRP,7,G,78,,530.4,530.4
6.5,25,30,TRUE,rotifer,E25NRP,7,H,,26,0,26
6.5,25,30,TRUE,protist,E25NRP,7,H,127,,863.6,863.6
6.5,30,30,TRUE,rotifer,E30HRP,7,I,,29,0,29
6.5,30,30,TRUE,protist,E30HRP,7,I,84,,571.2,571.2
6.5,30,25,TRUE,rotifer,E30NRP,7,J,,25,0,25
6.5,30,25,TRUE,protist,E30NRP,7,J,89,,605.2,605.2
6.5,25,25,FALSE,rotifer,E25HR,8,A,,29,0,29
6.5,25,30,FALSE,rotifer,E25NR,8,B,,43,0,43
6.5,30,30,FALSE,rotifer,E30HR,8,C,,49,0,49
6.5,30,25,FALSE,rotifer,E30NR,8,D,,29,0,29
6.5,25,25,FALSE,protist,HP,8,E,138,,938.4,938.4
6.5,25,30,FALSE,protist,NP,8,F,54,,367.2,367.2
6.5,25,25,TRUE,rotifer,E25HRP,8,G,,24,0,24
6.5,25,25,TRUE,protist,E25HRP,8,G,96,,652.8,652.8
6.5,25,30,TRUE,rotifer,E25NRP,8,H,,34,0,34
6.5,25,30,TRUE,protist,E25NRP,8,H,123,,836.4,836.4
6.5,30,30,TRUE,rotifer,E30HRP,8,I,,31,0,31
6.5,30,30,TRUE,protist,E30HRP,8,I,88,,598.4,598.4
6.5,30,25,TRUE,rotifer,E30NRP,8,J,,13,0,13
6.5,30,25,TRUE,protist,E30NRP,8,J,105,,714,714
6.5,25,25,FALSE,rotifer,E25HR,9,A,,33,0,33
6.5,25,30,FALSE,rotifer,E25NR,9,B,14,,95.2,95.2
6.5,30,30,FALSE,rotifer,E30HR,9,C,6,,40.8,40.8
6.5,30,25,FALSE,rotifer,E30NR,9,D,,24,0,24
6.5,25,25,FALSE,protist,HP,9,E,69,,469.2,469.2
6.5,25,30,FALSE,protist,NP,9,F,79,,537.2,537.2
6.5,25,25,TRUE,rotifer,E25HRP,9,G,,22,0,22
6.5,25,25,TRUE,protist,E25HRP,9,G,61,,414.8,414.8
6.5,25,30,TRUE,rotifer,E25NRP,9,H,,30,0,30
6.5,25,30,TRUE,protist,E25NRP,9,H,154,,1047.2,1047.2
6.5,30,30,TRUE,rotifer,E30HRP,9,I,,23,0,23
6.5,30,30,TRUE,protist,E30HRP,9,I,189,,1285.2,1285.2
6.5,30,25,TRUE,rotifer,E30NRP,9,J,,13,0,13
6.5,30,25,TRUE,protist,E30NRP,9,J,58,,394.4,394.4
6.5,25,25,FALSE,rotifer,E25HR,10,A,,25,0,25
6.5,25,30,FALSE,rotifer,E25NR,10,B,,60,0,60
6.5,30,30,FALSE,rotifer,E30HR,10,C,,52,0,52
6.5,30,25,FALSE,rotifer,E30NR,10,D,,22,0,22
6.5,25,25,FALSE,protist,HP,10,E,120,,816,816
6.5,25,30,FALSE,protist,NP,10,F,164,,1115.2,1115.2
6.5,25,25,TRUE,rotifer,E25HRP,10,G,,28,0,28
6.5,25,25,TRUE,protist,E25HRP,10,G,143,,972.4,972.4
6.5,25,30,TRUE,rotifer,E25NRP,10,H,,42,0,42
6.5,25,30,TRUE,protist,E25NRP,10,H,108,,734.4,734.4
6.5,30,30,TRUE,rotifer,E30HRP,10,I,,13,0,13
6.5,30,30,TRUE,protist,E30HRP,10,I,238,,1618.4,1618.4
6.5,30,25,TRUE,rotifer,E30NRP,10,J,,24,0,24
6.5,30,25,TRUE,protist,E30NRP,10,J,120,,816,816
7.5,25,25,FALSE,rotifer,E25HR,1,A,,39,0,39
7.5,25,30,FALSE,rotifer,E25NR,1,B,,76,0,76
7.5,30,30,FALSE,rotifer,E30HR,1,C,,61,0,61
7.5,30,25,FALSE,rotifer,E30NR,1,D,,34,0,34
7.5,25,25,FALSE,protist,HP,1,E,229,,1557.2,1557.2
7.5,25,30,FALSE,protist,NP,1,F,312,,2121.6,2121.6
7.5,25,25,TRUE,rotifer,E25HRP,1,G,,29,0,29
7.5,25,25,TRUE,protist,E25HRP,1,G,102,,693.6,693.6
7.5,25,30,TRUE,rotifer,E25NRP,1,H,,41,0,41
7.5,25,30,TRUE,protist,E25NRP,1,H,145,,986,986
7.5,30,30,TRUE,rotifer,E30HRP,1,I,,29,0,29
7.5,30,30,TRUE,protist,E30HRP,1,I,211,,1434.8,1434.8
7.5,30,25,TRUE,rotifer,E30NRP,1,J,,21,0,21
7.5,30,25,TRUE,protist,E30NRP,1,J,173,,1176.4,1176.4
7.5,25,25,FALSE,rotifer,E25HR,2,A,,46,0,46
7.5,25,30,FALSE,rotifer,E25NR,2,B,,60,0,60
7.5,30,30,FALSE,rotifer,E30HR,2,C,,48,0,48
7.5,30,25,FALSE,rotifer,E30NR,2,D,,41,0,41
7.5,25,25,FALSE,protist,HP,2,E,210,,1428,1428
7.5,25,30,FALSE,protist,NP,2,F,143,,972.4,972.4
7.5,25,25,TRUE,rotifer,E25HRP,2,G,,32,0,32
7.5,25,25,TRUE,protist,E25HRP,2,G,152,,1033.6,1033.6
7.5,25,30,TRUE,rotifer,E25NRP,2,H,,52,0,52
7.5,25,30,TRUE,protist,E25NRP,2,H,150,,1020,1020
7.5,30,30,TRUE,rotifer,E30HRP,2,I,,32,0,32
7.5,30,30,TRUE,protist,E30HRP,2,I,102,,693.6,693.6
7.5,30,25,TRUE,rotifer,E30NRP,2,J,,20,0,20
7.5,30,25,TRUE,protist,E30NRP,2,J,157,,1067.6,1067.6
7.5,25,25,FALSE,rotifer,E25HR,3,A,,45,0,45
7.5,25,30,FALSE,rotifer,E25NR,3,B,,59,0,59
7.5,30,30,FALSE,rotifer,E30HR,3,C,,76,0,76
7.5,30,25,FALSE,rotifer,E30NR,3,D,,48,0,48
7.5,25,25,FALSE,protist,HP,3,E,154,,1047.2,1047.2
7.5,25,30,FALSE,protist,NP,3,F,131,,890.8,890.8
7.5,25,25,TRUE,rotifer,E25HRP,3,G,,22,0,22
7.5,25,25,TRUE,protist,E25HRP,3,G,113,,768.4,768.4
7.5,25,30,TRUE,rotifer,E25NRP,3,H,,15,0,15
7.5,25,30,TRUE,protist,E25NRP,3,H,108,,734.4,734.4
7.5,30,30,TRUE,rotifer,E30HRP,3,I,,22,0,22
7.5,30,30,TRUE,protist,E30HRP,3,I,139,,945.2,945.2
7.5,30,25,TRUE,rotifer,E30NRP,3,J,,20,0,20
7.5,30,25,TRUE,protist,E30NRP,3,J,69,,469.2,469.2
7.5,25,25,FALSE,rotifer,E25HR,4,A,,49,0,49
7.5,25,30,FALSE,rotifer,E25NR,4,B,,74,0,74
7.5,30,30,FALSE,rotifer,E30HR,4,C,,71,0,71
7.5,30,25,FALSE,rotifer,E30NR,4,D,,38,0,38
7.5,25,25,FALSE,protist,HP,4,E,112,,761.6,761.6
7.5,25,30,FALSE,protist,NP,4,F,151,,1026.8,1026.8
7.5,25,25,TRUE,rotifer,E25HRP,4,G,,45,0,45
7.5,25,25,TRUE,protist,E25HRP,4,G,94,,639.2,639.2
7.5,25,30,TRUE,rotifer,E25NRP,4,H,,51,0,51
7.5,25,30,TRUE,protist,E25NRP,4,H,122,,829.6,829.6
7.5,30,30,TRUE,rotifer,E30HRP,4,I,,27,0,27
7.5,30,30,TRUE,protist,E30HRP,4,I,119,,809.2,809.2
7.5,30,25,TRUE,rotifer,E30NRP,4,J,,21,0,21
7.5,30,25,TRUE,protist,E30NRP,4,J,134,,911.2,911.2
7.5,25,25,FALSE,rotifer,E25HR,5,A,,65,0,65
7.5,25,30,FALSE,rotifer,E25NR,5,B,,90,0,90
7.5,30,30,FALSE,rotifer,E30HR,5,C,,61,0,61
7.5,30,25,FALSE,rotifer,E30NR,5,D,,41,0,41
7.5,25,25,FALSE,protist,HP,5,E,136,,924.8,924.8
7.5,25,30,FALSE,protist,NP,5,F,99,,673.2,673.2
7.5,25,25,TRUE,rotifer,E25HRP,5,G,,29,0,29
7.5,25,25,TRUE,protist,E25HRP,5,G,90,,612,612
7.5,25,30,TRUE,rotifer,E25NRP,5,H,,36,0,36
7.5,25,30,TRUE,protist,E25NRP,5,H,177,,1203.6,1203.6
7.5,30,30,TRUE,rotifer,E30HRP,5,I,,35,0,35
7.5,30,30,TRUE,protist,E30HRP,5,I,156,,1060.8,1060.8
7.5,30,25,TRUE,rotifer,E30NRP,5,J,,31,0,31
7.5,30,25,TRUE,protist,E30NRP,5,J,135,,918,918
7.5,25,25,FALSE,rotifer,E25HR,6,A,,33,0,33
7.5,25,30,FALSE,rotifer,E25NR,6,B,,67,0,67
7.5,30,30,FALSE,rotifer,E30HR,6,C,,69,0,69
7.5,30,25,FALSE,rotifer,E30NR,6,D,,42,0,42
7.5,25,25,FALSE,protist,HP,6,E,185,,1258,1258
7.5,25,30,FALSE,protist,NP,6,F,117,,795.6,795.6
7.5,25,25,TRUE,rotifer,E25HRP,6,G,6,,40.8,40.8
7.5,25,25,TRUE,protist,E25HRP,6,G,119,,809.2,809.2
7.5,25,30,TRUE,rotifer,E25NRP,6,H,8,,54.4,54.4
7.5,25,30,TRUE,protist,E25NRP,6,H,93,,632.4,632.4
7.5,30,30,TRUE,rotifer,E30HRP,6,I,,26,0,26
7.5,30,30,TRUE,protist,E30HRP,6,I,97,,659.6,659.6
7.5,30,25,TRUE,rotifer,E30NRP,6,J,2,,13.6,13.6
7.5,30,25,TRUE,protist,E30NRP,6,J,99,,673.2,673.2
7.5,25,25,FALSE,rotifer,E25HR,7,A,5,,34,34
7.5,25,30,FALSE,rotifer,E25NR,7,B,14,,95.2,95.2
7.5,30,30,FALSE,rotifer,E30HR,7,C,8,,54.4,54.4
7.5,30,25,FALSE,rotifer,E30NR,7,D,8,,54.4,54.4
7.5,25,25,FALSE,protist,HP,7,E,121,,822.8,822.8
7.5,25,30,FALSE,protist,NP,7,F,120,,816,816
7.5,25,25,TRUE,rotifer,E25HRP,7,G,6,,40.8,40.8
7.5,25,25,TRUE,protist,E25HRP,7,G,98,,666.4,666.4
7.5,25,30,TRUE,rotifer,E25NRP,7,H,5,,34,34
7.5,25,30,TRUE,protist,E25NRP,7,H,125,,850,850
7.5,30,30,TRUE,rotifer,E30HRP,7,I,,16,0,16
7.5,30,30,TRUE,protist,E30HRP,7,I,100,,680,680
7.5,30,25,TRUE,rotifer,E30NRP,7,J,,24,0,24
7.5,30,25,TRUE,protist,E30NRP,7,J,42,,285.6,285.6
7.5,25,25,FALSE,rotifer,E25HR,8,A,,49,0,49
7.5,25,30,FALSE,rotifer,E25NR,8,B,16,,108.8,108.8
7.5,30,30,FALSE,rotifer,E30HR,8,C,10,,68,68
7.5,30,25,FALSE,rotifer,E30NR,8,D,8,,54.4,54.4
7.5,25,25,FALSE,protist,HP,8,E,124,,843.2,843.2
7.5,25,30,FALSE,protist,NP,8,F,95,,646,646
7.5,25,25,TRUE,rotifer,E25HRP,8,G,8,,54.4,54.4
7.5,25,25,TRUE,protist,E25HRP,8,G,105,,714,714
7.5,25,30,TRUE,rotifer,E25NRP,8,H,7,,47.6,47.6
7.5,25,30,TRUE,protist,E25NRP,8,H,109,,741.2,741.2
7.5,30,30,TRUE,rotifer,E30HRP,8,I,4,,27.2,27.2
7.5,30,30,TRUE,protist,E30HRP,8,I,121,,822.8,822.8
7.5,30,25,TRUE,rotifer,E30NRP,8,J,7,,47.6,47.6
7.5,30,25,TRUE,protist,E30NRP,8,J,125,,850,850
7.5,25,25,FALSE,rotifer,E25HR,9,A,9,,61.2,61.2
7.5,25,30,FALSE,rotifer,E25NR,9,B,8,,54.4,54.4
7.5,30,30,FALSE,rotifer,E30HR,9,C,10,,68,68
7.5,30,25,FALSE,rotifer,E30NR,9,D,6,,40.8,40.8
7.5,25,25,FALSE,protist,HP,9,E,167,,1135.6,1135.6
7.5,25,30,FALSE,protist,NP,9,F,101,,686.8,686.8
7.5,25,25,TRUE,rotifer,E25HRP,9,G,6,,40.8,40.8
7.5,25,25,TRUE,protist,E25HRP,9,G,58,,394.4,394.4
7.5,25,30,TRUE,rotifer,E25NRP,9,H,9,,61.2,61.2
7.5,25,30,TRUE,protist,E25NRP,9,H,105,,714,714
7.5,30,30,TRUE,rotifer,E30HRP,9,I,,26,0,26
7.5,30,30,TRUE,protist,E30HRP,9,I,129,,877.2,877.2
7.5,30,25,TRUE,rotifer,E30NRP,9,J,8,,54.4,54.4
7.5,30,25,TRUE,protist,E30NRP,9,J,108,,734.4,734.4
7.5,25,25,FALSE,rotifer,E25HR,10,A,8,,54.4,54.4
7.5,25,30,FALSE,rotifer,E25NR,10,B,6,,40.8,40.8
7.5,30,30,FALSE,rotifer,E30HR,10,C,9,,61.2,61.2
7.5,30,25,FALSE,rotifer,E30NR,10,D,,39,0,39
7.5,25,25,FALSE,protist,HP,10,E,183,,1244.4,1244.4
7.5,25,30,FALSE,protist,NP,10,F,111,,754.8,754.8
7.5,25,25,TRUE,rotifer,E25HRP,10,G,6,,40.8,40.8
7.5,25,25,TRUE,protist,E25HRP,10,G,168,,1142.4,1142.4
7.5,25,30,TRUE,rotifer,E25NRP,10,H,10,,68,68
7.5,25,30,TRUE,protist,E25NRP,10,H,125,,850,850
7.5,30,30,TRUE,rotifer,E30HRP,10,I,6,,40.8,40.8
7.5,30,30,TRUE,protist,E30HRP,10,I,201,,1366.8,1366.8
7.5,30,25,TRUE,rotifer,E30NRP,10,J,,20,0,20
7.5,30,25,TRUE,protist,E30NRP,10,J,100,,680,680
8.5,25,25,FALSE,rotifer,E25HR,1,A,,45,0,45
8.5,25,30,FALSE,rotifer,E25NR,1,B,,80,0,80
8.5,30,30,FALSE,rotifer,E30HR,1,C,,64,0,64
8.5,30,25,FALSE,rotifer,E30NR,1,D,,56,0,56
8.5,25,25,FALSE,protist,HP,1,E,229,,1557.2,1557.2
8.5,25,30,FALSE,protist,NP,1,F,162,,1101.6,1101.6
8.5,25,25,TRUE,rotifer,E25HRP,1,G,,34,0,34
8.5,25,25,TRUE,protist,E25HRP,1,G,88,,598.4,598.4
8.5,25,30,TRUE,rotifer,E25NRP,1,H,,56,0,56
8.5,25,30,TRUE,protist,E25NRP,1,H,141,,958.8,958.8
8.5,30,30,TRUE,rotifer,E30HRP,1,I,,31,0,31
8.5,30,30,TRUE,protist,E30HRP,1,I,133,,904.4,904.4
8.5,30,25,TRUE,rotifer,E30NRP,1,J,,33,0,33
8.5,30,25,TRUE,protist,E30NRP,1,J,98,,666.4,666.4
8.5,25,25,FALSE,rotifer,E25HR,2,A,,64,0,64
8.5,25,30,FALSE,rotifer,E25NR,2,B,,66,0,66
8.5,30,30,FALSE,rotifer,E30HR,2,C,,69,0,69
8.5,30,25,FALSE,rotifer,E30NR,2,D,,58,0,58
8.5,25,25,FALSE,protist,HP,2,E,239,,1625.2,1625.2
8.5,25,30,FALSE,protist,NP,2,F,65,,442,442
8.5,25,25,TRUE,rotifer,E25HRP,2,G,,47,0,47
8.5,25,25,TRUE,protist,E25HRP,2,G,170,,1156,1156
8.5,25,30,TRUE,rotifer,E25NRP,2,H,,40,0,40
8.5,25,30,TRUE,protist,E25NRP,2,H,132,,897.6,897.6
8.5,30,30,TRUE,rotifer,E30HRP,2,I,,39,0,39
8.5,30,30,TRUE,protist,E30HRP,2,I,160,,1088,1088
8.5,30,25,TRUE,rotifer,E30NRP,2,J,,32,0,32
8.5,30,25,TRUE,protist,E30NRP,2,J,115,,782,782
8.5,25,25,FALSE,rotifer,E25HR,3,A,,57,0,57
8.5,25,30,FALSE,rotifer,E25NR,3,B,,78,0,78
8.5,30,30,FALSE,rotifer,E30HR,3,C,,77,0,77
8.5,30,25,FALSE,rotifer,E30NR,3,D,,52,0,52
8.5,25,25,FALSE,protist,HP,3,E,182,,1237.6,1237.6
8.5,25,30,FALSE,protist,NP,3,F,51,,346.8,346.8
8.5,25,25,TRUE,rotifer,E25HRP,3,G,8,,54.4,54.4
8.5,25,25,TRUE,protist,E25HRP,3,G,80,,544,544
8.5,25,30,TRUE,rotifer,E25NRP,3,H,5,,34,34
8.5,25,30,TRUE,protist,E25NRP,3,H,76,,516.8,516.8
8.5,30,30,TRUE,rotifer,E30HRP,3,I,8,,54.4,54.4
8.5,30,30,TRUE,protist,E30HRP,3,I,108,,734.4,734.4
8.5,30,25,TRUE,rotifer,E30NRP,3,J,4,,27.2,27.2
8.5,30,25,TRUE,protist,E30NRP,3,J,82,,557.6,557.6
8.5,25,25,FALSE,rotifer,E25HR,4,A,11,,74.8,74.8
8.5,25,30,FALSE,rotifer,E25NR,4,B,11,,74.8,74.8
8.5,30,30,FALSE,rotifer,E30HR,4,C,,82,0,82
8.5,30,25,FALSE,rotifer,E30NR,4,D,7,,47.6,47.6
8.5,25,25,FALSE,protist,HP,4,E,84,,571.2,571.2
8.5,25,30,FALSE,protist,NP,4,F,60,,408,408
8.5,25,25,TRUE,rotifer,E25HRP,4,G,10,,68,68
8.5,25,25,TRUE,protist,E25HRP,4,G,67,,455.6,455.6
8.5,25,30,TRUE,rotifer,E25NRP,4,H,7,,47.6,47.6
8.5,25,30,TRUE,protist,E25NRP,4,H,80,,544,544
8.5,30,30,TRUE,rotifer,E30HRP,4,I,8,,54.4,54.4
8.5,30,30,TRUE,protist,E30HRP,4,I,72,,489.6,489.6
8.5,30,25,TRUE,rotifer,E30NRP,4,J,10,,68,68
8.5,30,25,TRUE,protist,E30NRP,4,J,89,,605.2,605.2
8.5,25,25,FALSE,rotifer,E25HR,5,A,,50,0,50
8.5,25,30,FALSE,rotifer,E25NR,5,B,9,,61.2,61.2
8.5,30,30,FALSE,rotifer,E30HR,5,C,8,,54.4,54.4
8.5,30,25,FALSE,rotifer,E30NR,5,D,,57,0,57
8.5,25,25,FALSE,protist,HP,5,E,148,,1006.4,1006.4
8.5,25,30,FALSE,protist,NP,5,F,71,,482.8,482.8
8.5,25,25,TRUE,rotifer,E25HRP,5,G,5,,34,34
8.5,25,25,TRUE,protist,E25HRP,5,G,84,,571.2,571.2
8.5,25,30,TRUE,rotifer,E25NRP,5,H,10,,68,68
8.5,25,30,TRUE,protist,E25NRP,5,H,115,,782,782
8.5,30,30,TRUE,rotifer,E30HRP,5,I,5,,34,34
8.5,30,30,TRUE,protist,E30HRP,5,I,97,,659.6,659.6
8.5,30,25,TRUE,rotifer,E30NRP,5,J,5,,34,34
8.5,30,25,TRUE,protist,E30NRP,5,J,53,,360.4,360.4
8.5,25,25,FALSE,rotifer,E25HR,6,A,,40,0,40
8.5,25,30,FALSE,rotifer,E25NR,6,B,,70,0,70
8.5,30,30,FALSE,rotifer,E30HR,6,C,,69,0,69
8.5,30,25,FALSE,rotifer,E30NR,6,D,,41,0,41
8.5,25,25,FALSE,protist,HP,6,E,143,,972.4,972.4
8.5,25,30,FALSE,protist,NP,6,F,125,,850,850
8.5,25,25,TRUE,rotifer,E25HRP,6,G,,40,0,40
8.5,25,25,TRUE,protist,E25HRP,6,G,114,,775.2,775.2
8.5,25,30,TRUE,rotifer,E25NRP,6,H,,44,0,44
8.5,25,30,TRUE,protist,E25NRP,6,H,190,,1292,1292
8.5,30,30,TRUE,rotifer,E30HRP,6,I,,41,0,41
8.5,30,30,TRUE,protist,E30HRP,6,I,108,,734.4,734.4
8.5,30,25,TRUE,rotifer,E30NRP,6,J,,20,0,20
8.5,30,25,TRUE,protist,E30NRP,6,J,119,,809.2,809.2
8.5,25,25,FALSE,rotifer,E25HR,7,A,,59,0,59
8.5,25,30,FALSE,rotifer,E25NR,7,B,,68,0,68
8.5,30,30,FALSE,rotifer,E30HR,7,C,,66,0,66
8.5,30,25,FALSE,rotifer,E30NR,7,D,,46,0,46
8.5,25,25,FALSE,protist,HP,7,E,153,,1040.4,1040.4
8.5,25,30,FALSE,protist,NP,7,F,90,,612,612
8.5,25,25,TRUE,rotifer,E25HRP,7,G,,47,0,47
8.5,25,25,TRUE,protist,E25HRP,7,G,114,,775.2,775.2
8.5,25,30,TRUE,rotifer,E25NRP,7,H,,43,0,43
8.5,25,30,TRUE,protist,E25NRP,7,H,110,,748,748
8.5,30,30,TRUE,rotifer,E30HRP,7,I,,30,0,30
8.5,30,30,TRUE,protist,E30HRP,7,I,92,,625.6,625.6
8.5,30,25,TRUE,rotifer,E30NRP,7,J,,22,0,22
8.5,30,25,TRUE,protist,E30NRP,7,J,103,,700.4,700.4
8.5,25,25,FALSE,rotifer,E25HR,8,A,,40,0,40
8.5,25,30,FALSE,rotifer,E25NR,8,B,,51,0,51
8.5,30,30,FALSE,rotifer,E30HR,8,C,,43,0,43
8.5,30,25,FALSE,rotifer,E30NR,8,D,,39,0,39
8.5,25,25,FALSE,protist,HP,8,E,194,,1319.2,1319.2
8.5,25,30,FALSE,protist,NP,8,F,84,,571.2,571.2
8.5,25,25,TRUE,rotifer,E25HRP,8,G,,38,0,38
8.5,25,25,TRUE,protist,E25HRP,8,G,93,,632.4,632.4
8.5,25,30,TRUE,rotifer,E25NRP,8,H,,32,0,32
8.5,25,30,TRUE,protist,E25NRP,8,H,103,,700.4,700.4
8.5,30,30,TRUE,rotifer,E30HRP,8,I,,33,0,33
8.5,30,30,TRUE,protist,E30HRP,8,I,210,,1428,1428
8.5,30,25,TRUE,rotifer,E30NRP,8,J,,36,0,36
8.5,30,25,TRUE,protist,E30NRP,8,J,77,,523.6,523.6
8.5,25,25,FALSE,rotifer,E25HR,9,A,,66,0,66
8.5,25,30,FALSE,rotifer,E25NR,9,B,,77,0,77
8.5,30,30,FALSE,rotifer,E30HR,9,C,,68,0,68
8.5,30,25,FALSE,rotifer,E30NR,9,D,,58,0,58
8.5,25,25,FALSE,protist,HP,9,E,251,,1706.8,1706.8
8.5,25,30,FALSE,protist,NP,9,F,165,,1122,1122
8.5,25,25,TRUE,rotifer,E25HRP,9,G,,40,0,40
8.5,25,25,TRUE,protist,E25HRP,9,G,68,,462.4,462.4
8.5,25,30,TRUE,rotifer,E25NRP,9,H,,59,0,59
8.5,25,30,TRUE,protist,E25NRP,9,H,79,,537.2,537.2
8.5,30,30,TRUE,rotifer,E30HRP,9,I,,33,0,33
8.5,30,30,TRUE,protist,E30HRP,9,I,125,,850,850
8.5,30,25,TRUE,rotifer,E30NRP,9,J,,13,0,13
8.5,30,25,TRUE,protist,E30NRP,9,J,146,,992.8,992.8
8.5,25,25,FALSE,rotifer,E25HR,10,A,,66,0,66
8.5,25,30,FALSE,rotifer,E25NR,10,B,,70,0,70
8.5,30,30,FALSE,rotifer,E30HR,10,C,,49,0,49
8.5,30,25,FALSE,rotifer,E30NR,10,D,,52,0,52
8.5,25,25,FALSE,protist,HP,10,E,146,,992.8,992.8
8.5,25,30,FALSE,protist,NP,10,F,103,,700.4,700.4
8.5,25,25,TRUE,rotifer,E25HRP,10,G,,33,0,33
8.5,25,25,TRUE,protist,E25HRP,10,G,176,,1196.8,1196.8
8.5,25,30,TRUE,rotifer,E25NRP,10,H,,47,0,47
8.5,25,30,TRUE,protist,E25NRP,10,H,158,,1074.4,1074.4
8.5,30,30,TRUE,rotifer,E30HRP,10,I,,48,0,48
8.5,30,30,TRUE,protist,E30HRP,10,I,137,,931.6,931.6
8.5,30,25,TRUE,rotifer,E30NRP,10,J,,16,0,16
8.5,30,25,TRUE,protist,E30NRP,10,J,66,,448.8,448.8
