"day","evolvedTemp","currentTemp","competition","species","treatID","repNum","repID","singlePass","fullSlide","passConvert","count","hour"
0,"25","25","FALSE","rotifer","E25HR","1","A",NA,6,0,6,0
0,"25","30","FALSE","rotifer","E25NR","1","B",NA,5,0,5,0
0,"30","30","FALSE","rotifer","E30HR","1","C",NA,6,0,6,0
0,"30","25","FALSE","rotifer","E30NR","1","D",NA,6,0,6,0
0,"25","25","TRUE","rotifer","E25HRP","1","G",NA,4,0,4,0
0,"25","30","TRUE","rotifer","E25NRP","1","H",NA,0,0,0,0
0,"30","30","TRUE","rotifer","E30HRP","1","I",NA,4,0,4,0
0,"30","25","TRUE","rotifer","E30NRP","1","J",NA,1,0,1,0
0,"25","25","FALSE","rotifer","E25HR","2","A",NA,2,0,2,0
0,"25","30","FALSE","rotifer","E25NR","2","B",NA,5,0,5,0
0,"30","30","FALSE","rotifer","E30HR","2","C",NA,4,0,4,0
0,"30","25","FALSE","rotifer","E30NR","2","D",NA,6,0,6,0
0,"25","25","TRUE","rotifer","E25HRP","2","G",NA,3,0,3,0
0,"25","30","TRUE","rotifer","E25NRP","2","H",NA,0,0,0,0
0,"30","30","TRUE","rotifer","E30HRP","2","I",NA,5,0,5,0
0,"30","25","TRUE","rotifer","E30NRP","2","J",NA,5,0,5,0
0,"25","25","FALSE","rotifer","E25HR","3","A",NA,5,0,5,0
0,"25","30","FALSE","rotifer","E25NR","3","B",NA,3,0,3,0
0,"30","30","FALSE","rotifer","E30HR","3","C",NA,7,0,7,0
0,"30","25","FALSE","rotifer","E30NR","3","D",NA,6,0,6,0
0,"25","25","TRUE","rotifer","E25HRP","3","G",NA,7,0,7,0
0,"25","30","TRUE","rotifer","E25NRP","3","H",NA,2,0,2,0
0,"30","30","TRUE","rotifer","E30HRP","3","I",NA,5,0,5,0
0,"30","25","TRUE","rotifer","E30NRP","3","J",NA,6,0,6,0
0,"25","25","FALSE","rotifer","E25HR","4","A",NA,15,0,15,0
0,"25","30","FALSE","rotifer","E25NR","4","B",NA,8,0,8,0
0,"30","30","FALSE","rotifer","E30HR","4","C",NA,6,0,6,0
0,"30","25","FALSE","rotifer","E30NR","4","D",NA,7,0,7,0
0,"25","25","TRUE","rotifer","E25HRP","4","G",NA,8,0,8,0
0,"25","30","TRUE","rotifer","E25NRP","4","H",NA,7,0,7,0
0,"30","30","TRUE","rotifer","E30HRP","4","I",NA,4,0,4,0
0,"30","25","TRUE","rotifer","E30NRP","4","J",NA,7,0,7,0
0,"25","25","FALSE","rotifer","E25HR","5","A",NA,7,0,7,0
0,"25","30","FALSE","rotifer","E25NR","5","B",NA,7,0,7,0
0,"30","30","FALSE","rotifer","E30HR","5","C",NA,9,0,9,0
0,"30","25","FALSE","rotifer","E30NR","5","D",NA,6,0,6,0
0,"25","25","TRUE","rotifer","E25HRP","5","G",NA,7,0,7,0
0,"25","30","TRUE","rotifer","E25NRP","5","H",NA,5,0,5,0
0,"30","30","TRUE","rotifer","E30HRP","5","I",NA,12,0,12,0
0,"30","25","TRUE","rotifer","E30NRP","5","J",NA,13,0,13,0
0,"25","25","FALSE","rotifer","E25HR","6","A",NA,5,0,5,0
0,"25","30","FALSE","rotifer","E25NR","6","B",NA,6,0,6,0
0,"30","30","FALSE","rotifer","E30HR","6","C",NA,8,0,8,0
0,"30","25","FALSE","rotifer","E30NR","6","D",NA,1,0,1,0
0,"25","25","TRUE","rotifer","E25HRP","6","G",NA,12,0,12,0
0,"25","30","TRUE","rotifer","E25NRP","6","H",NA,5,0,5,0
0,"30","30","TRUE","rotifer","E30HRP","6","I",NA,7,0,7,0
0,"30","25","TRUE","rotifer","E30NRP","6","J",NA,5,0,5,0
0,"25","25","FALSE","rotifer","E25HR","7","A",NA,3,0,3,0
0,"25","30","FALSE","rotifer","E25NR","7","B",NA,5,0,5,0
0,"30","30","FALSE","rotifer","E30HR","7","C",NA,9,0,9,0
0,"30","25","FALSE","rotifer","E30NR","7","D",NA,5,0,5,0
0,"25","25","TRUE","rotifer","E25HRP","7","G",NA,7,0,7,0
0,"25","30","TRUE","rotifer","E25NRP","7","H",NA,8,0,8,0
0,"30","30","TRUE","rotifer","E30HRP","7","I",NA,6,0,6,0
0,"30","25","TRUE","rotifer","E30NRP","7","J",NA,11,0,11,0
0,"25","25","FALSE","rotifer","E25HR","8","A",NA,7,0,7,0
0,"25","30","FALSE","rotifer","E25NR","8","B",NA,5,0,5,0
0,"30","30","FALSE","rotifer","E30HR","8","C",NA,5,0,5,0
0,"30","25","FALSE","rotifer","E30NR","8","D",NA,3,0,3,0
0,"25","25","TRUE","rotifer","E25HRP","8","G",NA,3,0,3,0
0,"25","30","TRUE","rotifer","E25NRP","8","H",NA,3,0,3,0
0,"30","30","TRUE","rotifer","E30HRP","8","I",NA,3,0,3,0
0,"30","25","TRUE","rotifer","E30NRP","8","J",NA,4,0,4,0
0,"25","25","FALSE","rotifer","E25HR","9","A",NA,2,0,2,0
0,"25","30","FALSE","rotifer","E25NR","9","B",NA,8,0,8,0
0,"30","30","FALSE","rotifer","E30HR","9","C",NA,1,0,1,0
0,"30","25","FALSE","rotifer","E30NR","9","D",NA,8,0,8,0
0,"25","25","TRUE","rotifer","E25HRP","9","G",NA,4,0,4,0
0,"25","30","TRUE","rotifer","E25NRP","9","H",NA,10,0,10,0
0,"30","30","TRUE","rotifer","E30HRP","9","I",NA,1,0,1,0
0,"30","25","TRUE","rotifer","E30NRP","9","J",NA,5,0,5,0
0,"25","25","FALSE","rotifer","E25HR","10","A",NA,3,0,3,0
0,"25","30","FALSE","rotifer","E25NR","10","B",NA,5,0,5,0
0,"30","30","FALSE","rotifer","E30HR","10","C",NA,3,0,3,0
0,"30","25","FALSE","rotifer","E30NR","10","D",NA,7,0,7,0
0,"25","25","TRUE","rotifer","E25HRP","10","G",NA,3,0,3,0
0,"25","30","TRUE","rotifer","E25NRP","10","H",NA,6,0,6,0
0,"30","30","TRUE","rotifer","E30HRP","10","I",NA,7,0,7,0
0,"30","25","TRUE","rotifer","E30NRP","10","J",NA,5,0,5,0
0.5,"25","25","FALSE","rotifer","E25HR","1","A",NA,7,0,7,12
0.5,"25","30","FALSE","rotifer","E25NR","1","B",NA,5,0,5,12
0.5,"30","30","FALSE","rotifer","E30HR","1","C",NA,7,0,7,12
0.5,"30","25","FALSE","rotifer","E30NR","1","D",NA,5,0,5,12
0.5,"25","25","TRUE","rotifer","E25HRP","1","G",NA,3,0,3,12
0.5,"25","30","TRUE","rotifer","E25NRP","1","H",NA,7,0,7,12
0.5,"30","30","TRUE","rotifer","E30HRP","1","I",NA,3,0,3,12
0.5,"30","25","TRUE","rotifer","E30NRP","1","J",NA,2,0,2,12
0.5,"25","25","FALSE","rotifer","E25HR","2","A",NA,2,0,2,12
0.5,"25","30","FALSE","rotifer","E25NR","2","B",NA,6,0,6,12
0.5,"30","30","FALSE","rotifer","E30HR","2","C",NA,1,0,1,12
0.5,"30","25","FALSE","rotifer","E30NR","2","D",NA,5,0,5,12
0.5,"25","25","TRUE","rotifer","E25HRP","2","G",NA,0,0,0,12
0.5,"25","30","TRUE","rotifer","E25NRP","2","H",NA,12,0,12,12
0.5,"30","30","TRUE","rotifer","E30HRP","2","I",NA,5,0,5,12
0.5,"30","25","TRUE","rotifer","E30NRP","2","J",NA,6,0,6,12
0.5,"25","25","FALSE","rotifer","E25HR","3","A",NA,6,0,6,12
0.5,"25","30","FALSE","rotifer","E25NR","3","B",NA,5,0,5,12
0.5,"30","30","FALSE","rotifer","E30HR","3","C",NA,4,0,4,12
0.5,"30","25","FALSE","rotifer","E30NR","3","D",NA,5,0,5,12
0.5,"25","25","TRUE","rotifer","E25HRP","3","G",NA,5,0,5,12
0.5,"25","30","TRUE","rotifer","E25NRP","3","H",NA,7,0,7,12
0.5,"30","30","TRUE","rotifer","E30HRP","3","I",NA,10,0,10,12
0.5,"30","25","TRUE","rotifer","E30NRP","3","J",NA,2,0,2,12
0.5,"25","25","FALSE","rotifer","E25HR","4","A",NA,8,0,8,12
0.5,"25","30","FALSE","rotifer","E25NR","4","B",NA,4,0,4,12
0.5,"30","30","FALSE","rotifer","E30HR","4","C",NA,9,0,9,12
0.5,"30","25","FALSE","rotifer","E30NR","4","D",NA,8,0,8,12
0.5,"25","25","TRUE","rotifer","E25HRP","4","G",NA,10,0,10,12
0.5,"25","30","TRUE","rotifer","E25NRP","4","H",NA,3,0,3,12
0.5,"30","30","TRUE","rotifer","E30HRP","4","I",NA,6,0,6,12
0.5,"30","25","TRUE","rotifer","E30NRP","4","J",NA,5,0,5,12
0.5,"25","25","FALSE","rotifer","E25HR","5","A",NA,6,0,6,12
0.5,"25","30","FALSE","rotifer","E25NR","5","B",NA,6,0,6,12
0.5,"30","30","FALSE","rotifer","E30HR","5","C",NA,7,0,7,12
0.5,"30","25","FALSE","rotifer","E30NR","5","D",NA,10,0,10,12
0.5,"25","25","TRUE","rotifer","E25HRP","5","G",NA,11,0,11,12
0.5,"25","30","TRUE","rotifer","E25NRP","5","H",NA,3,0,3,12
0.5,"30","30","TRUE","rotifer","E30HRP","5","I",NA,6,0,6,12
0.5,"30","25","TRUE","rotifer","E30NRP","5","J",NA,8,0,8,12
0.5,"25","25","FALSE","rotifer","E25HR","6","A",NA,1,0,1,12
0.5,"25","30","FALSE","rotifer","E25NR","6","B",NA,6,0,6,12
0.5,"30","30","FALSE","rotifer","E30HR","6","C",NA,6,0,6,12
0.5,"30","25","FALSE","rotifer","E30NR","6","D",NA,7,0,7,12
0.5,"25","25","TRUE","rotifer","E25HRP","6","G",NA,9,0,9,12
0.5,"25","30","TRUE","rotifer","E25NRP","6","H",NA,6,0,6,12
0.5,"30","30","TRUE","rotifer","E30HRP","6","I",NA,7,0,7,12
0.5,"30","25","TRUE","rotifer","E30NRP","6","J",NA,10,0,10,12
0.5,"25","25","FALSE","rotifer","E25HR","7","A",NA,10,0,10,12
0.5,"25","30","FALSE","rotifer","E25NR","7","B",NA,5,0,5,12
0.5,"30","30","FALSE","rotifer","E30HR","7","C",NA,4,0,4,12
0.5,"30","25","FALSE","rotifer","E30NR","7","D",NA,13,0,13,12
0.5,"25","25","TRUE","rotifer","E25HRP","7","G",NA,3,0,3,12
0.5,"25","30","TRUE","rotifer","E25NRP","7","H",NA,10,0,10,12
0.5,"30","30","TRUE","rotifer","E30HRP","7","I",NA,7,0,7,12
0.5,"30","25","TRUE","rotifer","E30NRP","7","J",NA,6,0,6,12
0.5,"25","25","FALSE","rotifer","E25HR","8","A",NA,4,0,4,12
0.5,"25","30","FALSE","rotifer","E25NR","8","B",NA,9,0,9,12
0.5,"30","30","FALSE","rotifer","E30HR","8","C",NA,7,0,7,12
0.5,"30","25","FALSE","rotifer","E30NR","8","D",NA,5,0,5,12
0.5,"25","25","TRUE","rotifer","E25HRP","8","G",NA,7,0,7,12
0.5,"25","30","TRUE","rotifer","E25NRP","8","H",NA,2,0,2,12
0.5,"30","30","TRUE","rotifer","E30HRP","8","I",NA,9,0,9,12
0.5,"30","25","TRUE","rotifer","E30NRP","8","J",NA,8,0,8,12
0.5,"25","25","FALSE","rotifer","E25HR","9","A",NA,6,0,6,12
0.5,"25","30","FALSE","rotifer","E25NR","9","B",NA,7,0,7,12
0.5,"30","30","FALSE","rotifer","E30HR","9","C",NA,0,0,0,12
0.5,"30","25","FALSE","rotifer","E30NR","9","D",NA,9,0,9,12
0.5,"25","25","TRUE","rotifer","E25HRP","9","G",NA,0,0,0,12
0.5,"25","30","TRUE","rotifer","E25NRP","9","H",NA,3,0,3,12
0.5,"30","30","TRUE","rotifer","E30HRP","9","I",NA,7,0,7,12
0.5,"30","25","TRUE","rotifer","E30NRP","9","J",NA,4,0,4,12
0.5,"25","25","FALSE","rotifer","E25HR","10","A",NA,10,0,10,12
0.5,"25","30","FALSE","rotifer","E25NR","10","B",NA,8,0,8,12
0.5,"30","30","FALSE","rotifer","E30HR","10","C",NA,7,0,7,12
0.5,"30","25","FALSE","rotifer","E30NR","10","D",NA,5,0,5,12
0.5,"25","25","TRUE","rotifer","E25HRP","10","G",NA,8,0,8,12
0.5,"25","30","TRUE","rotifer","E25NRP","10","H",NA,9,0,9,12
0.5,"30","30","TRUE","rotifer","E30HRP","10","I",NA,4,0,4,12
0.5,"30","25","TRUE","rotifer","E30NRP","10","J",NA,4,0,4,12
0.75,"25","25","FALSE","rotifer","E25HR","1","A",NA,4,0,4,18
0.75,"25","30","FALSE","rotifer","E25NR","1","B",NA,5,0,5,18
0.75,"30","30","FALSE","rotifer","E30HR","1","C",NA,3,0,3,18
0.75,"30","25","FALSE","rotifer","E30NR","1","D",NA,5,0,5,18
0.75,"25","25","TRUE","rotifer","E25HRP","1","G",NA,7,0,7,18
0.75,"25","30","TRUE","rotifer","E25NRP","1","H",NA,9,0,9,18
0.75,"30","30","TRUE","rotifer","E30HRP","1","I",NA,3,0,3,18
0.75,"30","25","TRUE","rotifer","E30NRP","1","J",NA,5,0,5,18
0.75,"25","25","FALSE","rotifer","E25HR","2","A",NA,8,0,8,18
0.75,"25","30","FALSE","rotifer","E25NR","2","B",NA,6,0,6,18
0.75,"30","30","FALSE","rotifer","E30HR","2","C",NA,5,0,5,18
0.75,"30","25","FALSE","rotifer","E30NR","2","D",NA,12,0,12,18
0.75,"25","25","TRUE","rotifer","E25HRP","2","G",NA,9,0,9,18
0.75,"25","30","TRUE","rotifer","E25NRP","2","H",NA,5,0,5,18
0.75,"30","30","TRUE","rotifer","E30HRP","2","I",NA,1,0,1,18
0.75,"30","25","TRUE","rotifer","E30NRP","2","J",NA,5,0,5,18
0.75,"25","25","FALSE","rotifer","E25HR","3","A",NA,10,0,10,18
0.75,"25","30","FALSE","rotifer","E25NR","3","B",NA,15,0,15,18
0.75,"30","30","FALSE","rotifer","E30HR","3","C",NA,7,0,7,18
0.75,"30","25","FALSE","rotifer","E30NR","3","D",NA,8,0,8,18
0.75,"25","25","TRUE","rotifer","E25HRP","3","G",NA,8,0,8,18
0.75,"25","30","TRUE","rotifer","E25NRP","3","H",NA,1,0,1,18
0.75,"30","30","TRUE","rotifer","E30HRP","3","I",NA,5,0,5,18
0.75,"30","25","TRUE","rotifer","E30NRP","3","J",NA,2,0,2,18
0.75,"25","25","FALSE","rotifer","E25HR","4","A",NA,7,0,7,18
0.75,"25","30","FALSE","rotifer","E25NR","4","B",NA,5,0,5,18
0.75,"30","30","FALSE","rotifer","E30HR","4","C",NA,3,0,3,18
0.75,"30","25","FALSE","rotifer","E30NR","4","D",NA,5,0,5,18
0.75,"25","25","TRUE","rotifer","E25HRP","4","G",NA,6,0,6,18
0.75,"25","30","TRUE","rotifer","E25NRP","4","H",NA,9,0,9,18
0.75,"30","30","TRUE","rotifer","E30HRP","4","I",NA,6,0,6,18
0.75,"30","25","TRUE","rotifer","E30NRP","4","J",NA,5,0,5,18
0.75,"25","25","FALSE","rotifer","E25HR","5","A",NA,4,0,4,18
0.75,"25","30","FALSE","rotifer","E25NR","5","B",NA,11,0,11,18
0.75,"30","30","FALSE","rotifer","E30HR","5","C",NA,7,0,7,18
0.75,"30","25","FALSE","rotifer","E30NR","5","D",NA,3,0,3,18
0.75,"25","25","TRUE","rotifer","E25HRP","5","G",NA,10,0,10,18
0.75,"25","30","TRUE","rotifer","E25NRP","5","H",NA,8,0,8,18
0.75,"30","30","TRUE","rotifer","E30HRP","5","I",NA,9,0,9,18
0.75,"30","25","TRUE","rotifer","E30NRP","5","J",NA,8,0,8,18
0.75,"25","25","FALSE","rotifer","E25HR","6","A",NA,3,0,3,18
0.75,"25","30","FALSE","rotifer","E25NR","6","B",NA,5,0,5,18
0.75,"30","30","FALSE","rotifer","E30HR","6","C",NA,7,0,7,18
0.75,"30","25","FALSE","rotifer","E30NR","6","D",NA,2,0,2,18
0.75,"25","25","TRUE","rotifer","E25HRP","6","G",NA,13,0,13,18
0.75,"25","30","TRUE","rotifer","E25NRP","6","H",NA,8,0,8,18
0.75,"30","30","TRUE","rotifer","E30HRP","6","I",NA,4,0,4,18
0.75,"30","25","TRUE","rotifer","E30NRP","6","J",NA,3,0,3,18
0.75,"25","25","FALSE","rotifer","E25HR","7","A",NA,6,0,6,18
0.75,"25","30","FALSE","rotifer","E25NR","7","B",NA,3,0,3,18
0.75,"30","30","FALSE","rotifer","E30HR","7","C",NA,15,0,15,18
0.75,"30","25","FALSE","rotifer","E30NR","7","D",NA,7,0,7,18
0.75,"25","25","TRUE","rotifer","E25HRP","7","G",NA,5,0,5,18
0.75,"25","30","TRUE","rotifer","E25NRP","7","H",NA,6,0,6,18
0.75,"30","30","TRUE","rotifer","E30HRP","7","I",NA,7,0,7,18
0.75,"30","25","TRUE","rotifer","E30NRP","7","J",NA,8,0,8,18
0.75,"25","25","FALSE","rotifer","E25HR","8","A",NA,4,0,4,18
0.75,"25","30","FALSE","rotifer","E25NR","8","B",NA,0,0,0,18
0.75,"30","30","FALSE","rotifer","E30HR","8","C",NA,4,0,4,18
0.75,"30","25","FALSE","rotifer","E30NR","8","D",NA,5,0,5,18
0.75,"25","25","TRUE","rotifer","E25HRP","8","G",NA,7,0,7,18
0.75,"25","30","TRUE","rotifer","E25NRP","8","H",NA,1,0,1,18
0.75,"30","30","TRUE","rotifer","E30HRP","8","I",NA,6,0,6,18
0.75,"30","25","TRUE","rotifer","E30NRP","8","J",NA,3,0,3,18
0.75,"25","25","FALSE","rotifer","E25HR","9","A",NA,6,0,6,18
0.75,"25","30","FALSE","rotifer","E25NR","9","B",NA,3,0,3,18
0.75,"30","30","FALSE","rotifer","E30HR","9","C",NA,4,0,4,18
0.75,"30","25","FALSE","rotifer","E30NR","9","D",NA,3,0,3,18
0.75,"25","25","TRUE","rotifer","E25HRP","9","G",NA,2,0,2,18
0.75,"25","30","TRUE","rotifer","E25NRP","9","H",NA,2,0,2,18
0.75,"30","30","TRUE","rotifer","E30HRP","9","I",NA,4,0,4,18
0.75,"30","25","TRUE","rotifer","E30NRP","9","J",NA,2,0,2,18
0.75,"25","25","FALSE","rotifer","E25HR","10","A",NA,8,0,8,18
0.75,"25","30","FALSE","rotifer","E25NR","10","B",NA,4,0,4,18
0.75,"30","30","FALSE","rotifer","E30HR","10","C",NA,3,0,3,18
0.75,"30","25","FALSE","rotifer","E30NR","10","D",NA,10,0,10,18
0.75,"25","25","TRUE","rotifer","E25HRP","10","G",NA,6,0,6,18
0.75,"25","30","TRUE","rotifer","E25NRP","10","H",NA,7,0,7,18
0.75,"30","30","TRUE","rotifer","E30HRP","10","I",NA,6,0,6,18
0.75,"30","25","TRUE","rotifer","E30NRP","10","J",NA,7,0,7,18
1.5,"25","25","FALSE","rotifer","E25HR","1","A",NA,5,0,5,36
1.5,"25","30","FALSE","rotifer","E25NR","1","B",NA,9,0,9,36
1.5,"30","30","FALSE","rotifer","E30HR","1","C",NA,6,0,6,36
1.5,"30","25","FALSE","rotifer","E30NR","1","D",NA,10,0,10,36
1.5,"25","25","TRUE","rotifer","E25HRP","1","G",NA,7,0,7,36
1.5,"25","30","TRUE","rotifer","E25NRP","1","H",NA,4,0,4,36
1.5,"30","30","TRUE","rotifer","E30HRP","1","I",NA,10,0,10,36
1.5,"30","25","TRUE","rotifer","E30NRP","1","J",NA,3,0,3,36
1.5,"25","25","FALSE","rotifer","E25HR","2","A",NA,5,0,5,36
1.5,"25","30","FALSE","rotifer","E25NR","2","B",NA,4,0,4,36
1.5,"30","30","FALSE","rotifer","E30HR","2","C",NA,7,0,7,36
1.5,"30","25","FALSE","rotifer","E30NR","2","D",NA,6,0,6,36
1.5,"25","25","TRUE","rotifer","E25HRP","2","G",NA,5,0,5,36
1.5,"25","30","TRUE","rotifer","E25NRP","2","H",NA,6,0,6,36
1.5,"30","30","TRUE","rotifer","E30HRP","2","I",NA,7,0,7,36
1.5,"30","25","TRUE","rotifer","E30NRP","2","J",NA,5,0,5,36
1.5,"25","25","FALSE","rotifer","E25HR","3","A",NA,3,0,3,36
1.5,"25","30","FALSE","rotifer","E25NR","3","B",NA,5,0,5,36
1.5,"30","30","FALSE","rotifer","E30HR","3","C",NA,9,0,9,36
1.5,"30","25","FALSE","rotifer","E30NR","3","D",NA,8,0,8,36
1.5,"25","25","TRUE","rotifer","E25HRP","3","G",NA,4,0,4,36
1.5,"25","30","TRUE","rotifer","E25NRP","3","H",NA,5,0,5,36
1.5,"30","30","TRUE","rotifer","E30HRP","3","I",NA,4,0,4,36
1.5,"30","25","TRUE","rotifer","E30NRP","3","J",NA,3,0,3,36
1.5,"25","25","FALSE","rotifer","E25HR","4","A",NA,10,0,10,36
1.5,"25","30","FALSE","rotifer","E25NR","4","B",NA,9,0,9,36
1.5,"30","30","FALSE","rotifer","E30HR","4","C",NA,9,0,9,36
1.5,"30","25","FALSE","rotifer","E30NR","4","D",NA,6,0,6,36
1.5,"25","25","TRUE","rotifer","E25HRP","4","G",NA,6,0,6,36
1.5,"25","30","TRUE","rotifer","E25NRP","4","H",NA,6,0,6,36
1.5,"30","30","TRUE","rotifer","E30HRP","4","I",NA,7,0,7,36
1.5,"30","25","TRUE","rotifer","E30NRP","4","J",NA,6,0,6,36
1.5,"25","25","FALSE","rotifer","E25HR","5","A",NA,9,0,9,36
1.5,"25","30","FALSE","rotifer","E25NR","5","B",NA,7,0,7,36
1.5,"30","30","FALSE","rotifer","E30HR","5","C",NA,11,0,11,36
1.5,"30","25","FALSE","rotifer","E30NR","5","D",NA,6,0,6,36
1.5,"25","25","TRUE","rotifer","E25HRP","5","G",NA,7,0,7,36
1.5,"25","30","TRUE","rotifer","E25NRP","5","H",NA,10,0,10,36
1.5,"30","30","TRUE","rotifer","E30HRP","5","I",NA,12,0,12,36
1.5,"30","25","TRUE","rotifer","E30NRP","5","J",NA,3,0,3,36
1.5,"25","25","FALSE","rotifer","E25HR","6","A",NA,6,0,6,36
1.5,"25","30","FALSE","rotifer","E25NR","6","B",NA,10,0,10,36
1.5,"30","30","FALSE","rotifer","E30HR","6","C",NA,9,0,9,36
1.5,"30","25","FALSE","rotifer","E30NR","6","D",NA,6,0,6,36
1.5,"25","25","TRUE","rotifer","E25HRP","6","G",NA,5,0,5,36
1.5,"25","30","TRUE","rotifer","E25NRP","6","H",NA,7,0,7,36
1.5,"30","30","TRUE","rotifer","E30HRP","6","I",NA,3,0,3,36
1.5,"30","25","TRUE","rotifer","E30NRP","6","J",NA,4,0,4,36
1.5,"25","25","FALSE","rotifer","E25HR","7","A",NA,4,0,4,36
1.5,"25","30","FALSE","rotifer","E25NR","7","B",NA,13,0,13,36
1.5,"30","30","FALSE","rotifer","E30HR","7","C",NA,9,0,9,36
1.5,"30","25","FALSE","rotifer","E30NR","7","D",NA,8,0,8,36
1.5,"25","25","TRUE","rotifer","E25HRP","7","G",NA,9,0,9,36
1.5,"25","30","TRUE","rotifer","E25NRP","7","H",NA,5,0,5,36
1.5,"30","30","TRUE","rotifer","E30HRP","7","I",NA,3,0,3,36
1.5,"30","25","TRUE","rotifer","E30NRP","7","J",NA,2,0,2,36
1.5,"25","25","FALSE","rotifer","E25HR","8","A",NA,9,0,9,36
1.5,"25","30","FALSE","rotifer","E25NR","8","B",NA,5,0,5,36
1.5,"30","30","FALSE","rotifer","E30HR","8","C",NA,5,0,5,36
1.5,"30","25","FALSE","rotifer","E30NR","8","D",NA,4,0,4,36
1.5,"25","25","TRUE","rotifer","E25HRP","8","G",NA,2,0,2,36
1.5,"25","30","TRUE","rotifer","E25NRP","8","H",NA,3,0,3,36
1.5,"30","30","TRUE","rotifer","E30HRP","8","I",NA,3,0,3,36
1.5,"30","25","TRUE","rotifer","E30NRP","8","J",NA,1,0,1,36
1.5,"25","25","FALSE","rotifer","E25HR","9","A",NA,5,0,5,36
1.5,"25","30","FALSE","rotifer","E25NR","9","B",NA,5,0,5,36
1.5,"30","30","FALSE","rotifer","E30HR","9","C",NA,2,0,2,36
1.5,"30","25","FALSE","rotifer","E30NR","9","D",NA,3,0,3,36
1.5,"25","25","TRUE","rotifer","E25HRP","9","G",NA,6,0,6,36
1.5,"25","30","TRUE","rotifer","E25NRP","9","H",NA,6,0,6,36
1.5,"30","30","TRUE","rotifer","E30HRP","9","I",NA,4,0,4,36
1.5,"30","25","TRUE","rotifer","E30NRP","9","J",NA,3,0,3,36
1.5,"25","25","FALSE","rotifer","E25HR","10","A",NA,6,0,6,36
1.5,"25","30","FALSE","rotifer","E25NR","10","B",NA,11,0,11,36
1.5,"30","30","FALSE","rotifer","E30HR","10","C",NA,3,0,3,36
1.5,"30","25","FALSE","rotifer","E30NR","10","D",NA,6,0,6,36
1.5,"25","25","TRUE","rotifer","E25HRP","10","G",NA,10,0,10,36
1.5,"25","30","TRUE","rotifer","E25NRP","10","H",NA,4,0,4,36
1.5,"30","30","TRUE","rotifer","E30HRP","10","I",NA,6,0,6,36
1.5,"30","25","TRUE","rotifer","E30NRP","10","J",NA,5,0,5,36
2,"25","25","FALSE","rotifer","E25HR","1","A",NA,2,0,2,48
2,"25","30","FALSE","rotifer","E25NR","1","B",NA,8,0,8,48
2,"30","30","FALSE","rotifer","E30HR","1","C",NA,6,0,6,48
2,"30","25","FALSE","rotifer","E30NR","1","D",NA,9,0,9,48
2,"25","25","TRUE","rotifer","E25HRP","1","G",NA,4,0,4,48
2,"25","30","TRUE","rotifer","E25NRP","1","H",NA,4,0,4,48
2,"30","30","TRUE","rotifer","E30HRP","1","I",NA,4,0,4,48
2,"30","25","TRUE","rotifer","E30NRP","1","J",NA,3,0,3,48
2,"25","25","FALSE","rotifer","E25HR","2","A",NA,7,0,7,48
2,"25","30","FALSE","rotifer","E25NR","2","B",NA,7,0,7,48
2,"30","30","FALSE","rotifer","E30HR","2","C",NA,5,0,5,48
2,"30","25","FALSE","rotifer","E30NR","2","D",NA,3,0,3,48
2,"25","25","TRUE","rotifer","E25HRP","2","G",NA,9,0,9,48
2,"25","30","TRUE","rotifer","E25NRP","2","H",NA,1,0,1,48
2,"30","30","TRUE","rotifer","E30HRP","2","I",NA,4,0,4,48
2,"30","25","TRUE","rotifer","E30NRP","2","J",NA,1,0,1,48
2,"25","25","FALSE","rotifer","E25HR","3","A",NA,5,0,5,48
2,"25","30","FALSE","rotifer","E25NR","3","B",NA,5,0,5,48
2,"30","30","FALSE","rotifer","E30HR","3","C",NA,7,0,7,48
2,"30","25","FALSE","rotifer","E30NR","3","D",NA,4,0,4,48
2,"25","25","TRUE","rotifer","E25HRP","3","G",NA,4,0,4,48
2,"25","30","TRUE","rotifer","E25NRP","3","H",NA,8,0,8,48
2,"30","30","TRUE","rotifer","E30HRP","3","I",NA,7,0,7,48
2,"30","25","TRUE","rotifer","E30NRP","3","J",NA,2,0,2,48
2,"25","25","FALSE","rotifer","E25HR","4","A",NA,7,0,7,48
2,"25","30","FALSE","rotifer","E25NR","4","B",NA,7,0,7,48
2,"30","30","FALSE","rotifer","E30HR","4","C",NA,9,0,9,48
2,"30","25","FALSE","rotifer","E30NR","4","D",NA,7,0,7,48
2,"25","25","TRUE","rotifer","E25HRP","4","G",NA,8,0,8,48
2,"25","30","TRUE","rotifer","E25NRP","4","H",NA,5,0,5,48
2,"30","30","TRUE","rotifer","E30HRP","4","I",NA,5,0,5,48
2,"30","25","TRUE","rotifer","E30NRP","4","J",NA,7,0,7,48
2,"25","25","FALSE","rotifer","E25HR","5","A",NA,5,0,5,48
2,"25","30","FALSE","rotifer","E25NR","5","B",NA,8,0,8,48
2,"30","30","FALSE","rotifer","E30HR","5","C",NA,3,0,3,48
2,"30","25","FALSE","rotifer","E30NR","5","D",NA,12,0,12,48
2,"25","25","TRUE","rotifer","E25HRP","5","G",NA,11,0,11,48
2,"25","30","TRUE","rotifer","E25NRP","5","H",NA,9,0,9,48
2,"30","30","TRUE","rotifer","E30HRP","5","I",NA,5,0,5,48
2,"30","25","TRUE","rotifer","E30NRP","5","J",NA,8,0,8,48
2,"25","25","FALSE","rotifer","E25HR","6","A",NA,11,0,11,48
2,"25","30","FALSE","rotifer","E25NR","6","B",NA,13,0,13,48
2,"30","30","FALSE","rotifer","E30HR","6","C",NA,5,0,5,48
2,"30","25","FALSE","rotifer","E30NR","6","D",NA,3,0,3,48
2,"25","25","TRUE","rotifer","E25HRP","6","G",NA,8,0,8,48
2,"25","30","TRUE","rotifer","E25NRP","6","H",NA,6,0,6,48
2,"30","30","TRUE","rotifer","E30HRP","6","I",NA,2,0,2,48
2,"30","25","TRUE","rotifer","E30NRP","6","J",NA,8,0,8,48
2,"25","25","FALSE","rotifer","E25HR","7","A",NA,3,0,3,48
2,"25","30","FALSE","rotifer","E25NR","7","B",NA,5,0,5,48
2,"30","30","FALSE","rotifer","E30HR","7","C",NA,15,0,15,48
2,"30","25","FALSE","rotifer","E30NR","7","D",NA,5,0,5,48
2,"25","25","TRUE","rotifer","E25HRP","7","G",NA,5,0,5,48
2,"25","30","TRUE","rotifer","E25NRP","7","H",NA,1,0,1,48
2,"30","30","TRUE","rotifer","E30HRP","7","I",NA,10,0,10,48
2,"30","25","TRUE","rotifer","E30NRP","7","J",NA,3,0,3,48
2,"25","25","FALSE","rotifer","E25HR","8","A",NA,7,0,7,48
2,"25","30","FALSE","rotifer","E25NR","8","B",NA,6,0,6,48
2,"30","30","FALSE","rotifer","E30HR","8","C",NA,4,0,4,48
2,"30","25","FALSE","rotifer","E30NR","8","D",NA,5,0,5,48
2,"25","25","TRUE","rotifer","E25HRP","8","G",NA,2,0,2,48
2,"25","30","TRUE","rotifer","E25NRP","8","H",NA,5,0,5,48
2,"30","30","TRUE","rotifer","E30HRP","8","I",NA,5,0,5,48
2,"30","25","TRUE","rotifer","E30NRP","8","J",NA,6,0,6,48
2,"25","25","FALSE","rotifer","E25HR","9","A",NA,4,0,4,48
2,"25","30","FALSE","rotifer","E25NR","9","B",NA,3,0,3,48
2,"30","30","FALSE","rotifer","E30HR","9","C",NA,3,0,3,48
2,"30","25","FALSE","rotifer","E30NR","9","D",NA,11,0,11,48
2,"25","25","TRUE","rotifer","E25HRP","9","G",NA,5,0,5,48
2,"25","30","TRUE","rotifer","E25NRP","9","H",NA,3,0,3,48
2,"30","30","TRUE","rotifer","E30HRP","9","I",NA,4,0,4,48
2,"30","25","TRUE","rotifer","E30NRP","9","J",NA,3,0,3,48
2,"25","25","FALSE","rotifer","E25HR","10","A",NA,8,0,8,48
2,"25","30","FALSE","rotifer","E25NR","10","B",NA,8,0,8,48
2,"30","30","FALSE","rotifer","E30HR","10","C",NA,11,0,11,48
2,"30","25","FALSE","rotifer","E30NR","10","D",NA,9,0,9,48
2,"25","25","TRUE","rotifer","E25HRP","10","G",NA,10,0,10,48
2,"25","30","TRUE","rotifer","E25NRP","10","H",NA,5,0,5,48
2,"30","30","TRUE","rotifer","E30HRP","10","I",NA,8,0,8,48
2,"30","25","TRUE","rotifer","E30NRP","10","J",NA,4,0,4,48
2.5,"25","25","FALSE","rotifer","E25HR","1","A",NA,7,0,7,60
2.5,"25","30","FALSE","rotifer","E25NR","1","B",NA,12,0,12,60
2.5,"30","30","FALSE","rotifer","E30HR","1","C",NA,7,0,7,60
2.5,"30","25","FALSE","rotifer","E30NR","1","D",NA,4,0,4,60
2.5,"25","25","TRUE","rotifer","E25HRP","1","G",NA,6,0,6,60
2.5,"25","30","TRUE","rotifer","E25NRP","1","H",NA,8,0,8,60
2.5,"30","30","TRUE","rotifer","E30HRP","1","I",NA,5,0,5,60
2.5,"30","25","TRUE","rotifer","E30NRP","1","J",NA,4,0,4,60
2.5,"25","25","FALSE","rotifer","E25HR","2","A",NA,7,0,7,60
2.5,"25","30","FALSE","rotifer","E25NR","2","B",NA,7,0,7,60
2.5,"30","30","FALSE","rotifer","E30HR","2","C",NA,5,0,5,60
2.5,"30","25","FALSE","rotifer","E30NR","2","D",NA,3,0,3,60
2.5,"25","25","TRUE","rotifer","E25HRP","2","G",NA,8,0,8,60
2.5,"25","30","TRUE","rotifer","E25NRP","2","H",NA,7,0,7,60
2.5,"30","30","TRUE","rotifer","E30HRP","2","I",NA,3,0,3,60
2.5,"30","25","TRUE","rotifer","E30NRP","2","J",NA,6,0,6,60
2.5,"25","25","FALSE","rotifer","E25HR","3","A",NA,6,0,6,60
2.5,"25","30","FALSE","rotifer","E25NR","3","B",NA,8,0,8,60
2.5,"30","30","FALSE","rotifer","E30HR","3","C",NA,10,0,10,60
2.5,"30","25","FALSE","rotifer","E30NR","3","D",NA,6,0,6,60
2.5,"25","25","TRUE","rotifer","E25HRP","3","G",NA,7,0,7,60
2.5,"25","30","TRUE","rotifer","E25NRP","3","H",NA,4,0,4,60
2.5,"30","30","TRUE","rotifer","E30HRP","3","I",NA,7,0,7,60
2.5,"30","25","TRUE","rotifer","E30NRP","3","J",NA,3,0,3,60
2.5,"25","25","FALSE","rotifer","E25HR","4","A",NA,7,0,7,60
2.5,"25","30","FALSE","rotifer","E25NR","4","B",NA,21,0,21,60
2.5,"30","30","FALSE","rotifer","E30HR","4","C",NA,11,0,11,60
2.5,"30","25","FALSE","rotifer","E30NR","4","D",NA,4,0,4,60
2.5,"25","25","TRUE","rotifer","E25HRP","4","G",NA,9,0,9,60
2.5,"25","30","TRUE","rotifer","E25NRP","4","H",NA,9,0,9,60
2.5,"30","30","TRUE","rotifer","E30HRP","4","I",NA,6,0,6,60
2.5,"30","25","TRUE","rotifer","E30NRP","4","J",NA,6,0,6,60
2.5,"25","25","FALSE","rotifer","E25HR","5","A",NA,8,0,8,60
2.5,"25","30","FALSE","rotifer","E25NR","5","B",NA,14,0,14,60
2.5,"30","30","FALSE","rotifer","E30HR","5","C",NA,20,0,20,60
2.5,"30","25","FALSE","rotifer","E30NR","5","D",NA,9,0,9,60
2.5,"25","25","TRUE","rotifer","E25HRP","5","G",NA,7,0,7,60
2.5,"25","30","TRUE","rotifer","E25NRP","5","H",NA,9,0,9,60
2.5,"30","30","TRUE","rotifer","E30HRP","5","I",NA,13,0,13,60
2.5,"30","25","TRUE","rotifer","E30NRP","5","J",NA,4,0,4,60
2.5,"25","25","FALSE","rotifer","E25HR","6","A",NA,8,0,8,60
2.5,"25","30","FALSE","rotifer","E25NR","6","B",NA,8,0,8,60
2.5,"30","30","FALSE","rotifer","E30HR","6","C",NA,5,0,5,60
2.5,"30","25","FALSE","rotifer","E30NR","6","D",NA,11,0,11,60
2.5,"25","25","TRUE","rotifer","E25HRP","6","G",NA,6,0,6,60
2.5,"25","30","TRUE","rotifer","E25NRP","6","H",NA,13,0,13,60
2.5,"30","30","TRUE","rotifer","E30HRP","6","I",NA,6,0,6,60
2.5,"30","25","TRUE","rotifer","E30NRP","6","J",NA,4,0,4,60
2.5,"25","25","FALSE","rotifer","E25HR","7","A",NA,7,0,7,60
2.5,"25","30","FALSE","rotifer","E25NR","7","B",NA,7,0,7,60
2.5,"30","30","FALSE","rotifer","E30HR","7","C",NA,10,0,10,60
2.5,"30","25","FALSE","rotifer","E30NR","7","D",NA,9,0,9,60
2.5,"25","25","TRUE","rotifer","E25HRP","7","G",NA,7,0,7,60
2.5,"25","30","TRUE","rotifer","E25NRP","7","H",NA,9,0,9,60
2.5,"30","30","TRUE","rotifer","E30HRP","7","I",NA,6,0,6,60
2.5,"30","25","TRUE","rotifer","E30NRP","7","J",NA,2,0,2,60
2.5,"25","25","FALSE","rotifer","E25HR","8","A",NA,9,0,9,60
2.5,"25","30","FALSE","rotifer","E25NR","8","B",NA,4,0,4,60
2.5,"30","30","FALSE","rotifer","E30HR","8","C",NA,5,0,5,60
2.5,"30","25","FALSE","rotifer","E30NR","8","D",NA,6,0,6,60
2.5,"25","25","TRUE","rotifer","E25HRP","8","G",NA,6,0,6,60
2.5,"25","30","TRUE","rotifer","E25NRP","8","H",NA,9,0,9,60
2.5,"30","30","TRUE","rotifer","E30HRP","8","I",NA,5,0,5,60
2.5,"30","25","TRUE","rotifer","E30NRP","8","J",NA,5,0,5,60
2.5,"25","25","FALSE","rotifer","E25HR","9","A",NA,7,0,7,60
2.5,"25","30","FALSE","rotifer","E25NR","9","B",NA,9,0,9,60
2.5,"30","30","FALSE","rotifer","E30HR","9","C",NA,6,0,6,60
2.5,"30","25","FALSE","rotifer","E30NR","9","D",NA,4,0,4,60
2.5,"25","25","TRUE","rotifer","E25HRP","9","G",NA,8,0,8,60
2.5,"25","30","TRUE","rotifer","E25NRP","9","H",NA,10,0,10,60
2.5,"30","30","TRUE","rotifer","E30HRP","9","I",NA,8,0,8,60
2.5,"30","25","TRUE","rotifer","E30NRP","9","J",NA,7,0,7,60
2.5,"25","25","FALSE","rotifer","E25HR","10","A",NA,6,0,6,60
2.5,"25","30","FALSE","rotifer","E25NR","10","B",NA,8,0,8,60
2.5,"30","30","FALSE","rotifer","E30HR","10","C",NA,4,0,4,60
2.5,"30","25","FALSE","rotifer","E30NR","10","D",NA,4,0,4,60
2.5,"25","25","TRUE","rotifer","E25HRP","10","G",NA,4,0,4,60
2.5,"25","30","TRUE","rotifer","E25NRP","10","H",NA,5,0,5,60
2.5,"30","30","TRUE","rotifer","E30HRP","10","I",NA,6,0,6,60
2.5,"30","25","TRUE","rotifer","E30NRP","10","J",NA,7,0,7,60
3.5,"25","25","FALSE","rotifer","E25HR","1","A",NA,7,0,7,84
3.5,"25","30","FALSE","rotifer","E25NR","1","B",NA,19,0,19,84
3.5,"30","30","FALSE","rotifer","E30HR","1","C",NA,19,0,19,84
3.5,"30","25","FALSE","rotifer","E30NR","1","D",NA,8,0,8,84
3.5,"25","25","TRUE","rotifer","E25HRP","1","G",NA,5,0,5,84
3.5,"25","30","TRUE","rotifer","E25NRP","1","H",NA,11,0,11,84
3.5,"30","30","TRUE","rotifer","E30HRP","1","I",NA,12,0,12,84
3.5,"30","25","TRUE","rotifer","E30NRP","1","J",NA,8,0,8,84
3.5,"25","25","FALSE","rotifer","E25HR","2","A",NA,8,0,8,84
3.5,"25","30","FALSE","rotifer","E25NR","2","B",NA,17,0,17,84
3.5,"30","30","FALSE","rotifer","E30HR","2","C",NA,11,0,11,84
3.5,"30","25","FALSE","rotifer","E30NR","2","D",NA,4,0,4,84
3.5,"25","25","TRUE","rotifer","E25HRP","2","G",NA,7,0,7,84
3.5,"25","30","TRUE","rotifer","E25NRP","2","H",NA,13,0,13,84
3.5,"30","30","TRUE","rotifer","E30HRP","2","I",NA,8,0,8,84
3.5,"30","25","TRUE","rotifer","E30NRP","2","J",NA,6,0,6,84
3.5,"25","25","FALSE","rotifer","E25HR","3","A",NA,4,0,4,84
3.5,"25","30","FALSE","rotifer","E25NR","3","B",NA,21,0,21,84
3.5,"30","30","FALSE","rotifer","E30HR","3","C",NA,17,0,17,84
3.5,"30","25","FALSE","rotifer","E30NR","3","D",NA,2,0,2,84
3.5,"25","25","TRUE","rotifer","E25HRP","3","G",NA,5,0,5,84
3.5,"25","30","TRUE","rotifer","E25NRP","3","H",NA,9,0,9,84
3.5,"30","30","TRUE","rotifer","E30HRP","3","I",NA,8,0,8,84
3.5,"30","25","TRUE","rotifer","E30NRP","3","J",NA,5,0,5,84
3.5,"25","25","FALSE","rotifer","E25HR","4","A",NA,13,0,13,84
3.5,"25","30","FALSE","rotifer","E25NR","4","B",NA,32,0,32,84
3.5,"30","30","FALSE","rotifer","E30HR","4","C",NA,26,0,26,84
3.5,"30","25","FALSE","rotifer","E30NR","4","D",NA,10,0,10,84
3.5,"25","25","TRUE","rotifer","E25HRP","4","G",NA,7,0,7,84
3.5,"25","30","TRUE","rotifer","E25NRP","4","H",NA,15,0,15,84
3.5,"30","30","TRUE","rotifer","E30HRP","4","I",NA,6,0,6,84
3.5,"30","25","TRUE","rotifer","E30NRP","4","J",NA,6,0,6,84
3.5,"25","25","FALSE","rotifer","E25HR","5","A",NA,12,0,12,84
3.5,"25","30","FALSE","rotifer","E25NR","5","B",NA,28,0,28,84
3.5,"30","30","FALSE","rotifer","E30HR","5","C",NA,30,0,30,84
3.5,"30","25","FALSE","rotifer","E30NR","5","D",NA,11,0,11,84
3.5,"25","25","TRUE","rotifer","E25HRP","5","G",NA,10,0,10,84
3.5,"25","30","TRUE","rotifer","E25NRP","5","H",NA,11,0,11,84
3.5,"30","30","TRUE","rotifer","E30HRP","5","I",NA,13,0,13,84
3.5,"30","25","TRUE","rotifer","E30NRP","5","J",NA,11,0,11,84
3.5,"25","25","FALSE","rotifer","E25HR","6","A",NA,5,0,5,84
3.5,"25","30","FALSE","rotifer","E25NR","6","B",NA,28,0,28,84
3.5,"30","30","FALSE","rotifer","E30HR","6","C",NA,23,0,23,84
3.5,"30","25","FALSE","rotifer","E30NR","6","D",NA,8,0,8,84
3.5,"25","25","TRUE","rotifer","E25HRP","6","G",NA,5,0,5,84
3.5,"25","30","TRUE","rotifer","E25NRP","6","H",NA,8,0,8,84
3.5,"30","30","TRUE","rotifer","E30HRP","6","I",NA,9,0,9,84
3.5,"30","25","TRUE","rotifer","E30NRP","6","J",NA,1,0,1,84
3.5,"25","25","FALSE","rotifer","E25HR","7","A",NA,7,0,7,84
3.5,"25","30","FALSE","rotifer","E25NR","7","B",NA,34,0,34,84
3.5,"30","30","FALSE","rotifer","E30HR","7","C",NA,32,0,32,84
3.5,"30","25","FALSE","rotifer","E30NR","7","D",NA,9,0,9,84
3.5,"25","25","TRUE","rotifer","E25HRP","7","G",NA,3,0,3,84
3.5,"25","30","TRUE","rotifer","E25NRP","7","H",NA,17,0,17,84
3.5,"30","30","TRUE","rotifer","E30HRP","7","I",NA,12,0,12,84
3.5,"30","25","TRUE","rotifer","E30NRP","7","J",NA,9,0,9,84
3.5,"25","25","FALSE","rotifer","E25HR","8","A",NA,9,0,9,84
3.5,"25","30","FALSE","rotifer","E25NR","8","B",NA,23,0,23,84
3.5,"30","30","FALSE","rotifer","E30HR","8","C",NA,24,0,24,84
3.5,"30","25","FALSE","rotifer","E30NR","8","D",NA,6,0,6,84
3.5,"25","25","TRUE","rotifer","E25HRP","8","G",NA,4,0,4,84
3.5,"25","30","TRUE","rotifer","E25NRP","8","H",NA,15,0,15,84
3.5,"30","30","TRUE","rotifer","E30HRP","8","I",NA,15,0,15,84
3.5,"30","25","TRUE","rotifer","E30NRP","8","J",NA,7,0,7,84
3.5,"25","25","FALSE","rotifer","E25HR","9","A",NA,12,0,12,84
3.5,"25","30","FALSE","rotifer","E25NR","9","B",NA,42,0,42,84
3.5,"30","30","FALSE","rotifer","E30HR","9","C",NA,18,0,18,84
3.5,"30","25","FALSE","rotifer","E30NR","9","D",NA,5,0,5,84
3.5,"25","25","TRUE","rotifer","E25HRP","9","G",NA,7,0,7,84
3.5,"25","30","TRUE","rotifer","E25NRP","9","H",NA,13,0,13,84
3.5,"30","30","TRUE","rotifer","E30HRP","9","I",NA,12,0,12,84
3.5,"30","25","TRUE","rotifer","E30NRP","9","J",NA,0,0,0,84
3.5,"25","25","FALSE","rotifer","E25HR","10","A",NA,10,0,10,84
3.5,"25","30","FALSE","rotifer","E25NR","10","B",NA,26,0,26,84
3.5,"30","30","FALSE","rotifer","E30HR","10","C",NA,19,0,19,84
3.5,"30","25","FALSE","rotifer","E30NR","10","D",NA,5,0,5,84
3.5,"25","25","TRUE","rotifer","E25HRP","10","G",NA,6,0,6,84
3.5,"25","30","TRUE","rotifer","E25NRP","10","H",NA,17,0,17,84
3.5,"30","30","TRUE","rotifer","E30HRP","10","I",NA,15,0,15,84
3.5,"30","25","TRUE","rotifer","E30NRP","10","J",NA,11,0,11,84
4.5,"25","25","FALSE","rotifer","E25HR","1","A",NA,9,0,9,108
4.5,"25","30","FALSE","rotifer","E25NR","1","B",NA,53,0,53,108
4.5,"30","30","FALSE","rotifer","E30HR","1","C",NA,35,0,35,108
4.5,"30","25","FALSE","rotifer","E30NR","1","D",NA,11,0,11,108
4.5,"25","25","TRUE","rotifer","E25HRP","1","G",NA,11,0,11,108
4.5,"25","30","TRUE","rotifer","E25NRP","1","H",NA,23,0,23,108
4.5,"30","30","TRUE","rotifer","E30HRP","1","I",NA,20,0,20,108
4.5,"30","25","TRUE","rotifer","E30NRP","1","J",NA,5,0,5,108
4.5,"25","25","FALSE","rotifer","E25HR","2","A",NA,9,0,9,108
4.5,"25","30","FALSE","rotifer","E25NR","2","B",NA,32,0,32,108
4.5,"30","30","FALSE","rotifer","E30HR","2","C",NA,28,0,28,108
4.5,"30","25","FALSE","rotifer","E30NR","2","D",NA,12,0,12,108
4.5,"25","25","TRUE","rotifer","E25HRP","2","G",NA,22,0,22,108
4.5,"25","30","TRUE","rotifer","E25NRP","2","H",NA,12,0,12,108
4.5,"30","30","TRUE","rotifer","E30HRP","2","I",NA,9,0,9,108
4.5,"30","25","TRUE","rotifer","E30NRP","2","J",NA,0,0,0,108
4.5,"25","25","FALSE","rotifer","E25HR","3","A",NA,14,0,14,108
4.5,"25","30","FALSE","rotifer","E25NR","3","B",NA,46,0,46,108
4.5,"30","30","FALSE","rotifer","E30HR","3","C",NA,41,0,41,108
4.5,"30","25","FALSE","rotifer","E30NR","3","D",NA,10,0,10,108
4.5,"25","25","TRUE","rotifer","E25HRP","3","G",NA,20,0,20,108
4.5,"25","30","TRUE","rotifer","E25NRP","3","H",NA,13,0,13,108
4.5,"30","30","TRUE","rotifer","E30HRP","3","I",NA,11,0,11,108
4.5,"30","25","TRUE","rotifer","E30NRP","3","J",NA,9,0,9,108
4.5,"25","25","FALSE","rotifer","E25HR","4","A",NA,24,0,24,108
4.5,"25","30","FALSE","rotifer","E25NR","4","B",NA,42,0,42,108
4.5,"30","30","FALSE","rotifer","E30HR","4","C",NA,29,0,29,108
4.5,"30","25","FALSE","rotifer","E30NR","4","D",NA,13,0,13,108
4.5,"25","25","TRUE","rotifer","E25HRP","4","G",NA,13,0,13,108
4.5,"25","30","TRUE","rotifer","E25NRP","4","H",NA,33,0,33,108
4.5,"30","30","TRUE","rotifer","E30HRP","4","I",NA,31,0,31,108
4.5,"30","25","TRUE","rotifer","E30NRP","4","J",NA,6,0,6,108
4.5,"25","25","FALSE","rotifer","E25HR","5","A",NA,14,0,14,108
4.5,"25","30","FALSE","rotifer","E25NR","5","B",NA,53,0,53,108
4.5,"30","30","FALSE","rotifer","E30HR","5","C",NA,48,0,48,108
4.5,"30","25","FALSE","rotifer","E30NR","5","D",NA,11,0,11,108
4.5,"25","25","TRUE","rotifer","E25HRP","5","G",NA,9,0,9,108
4.5,"25","30","TRUE","rotifer","E25NRP","5","H",NA,28,0,28,108
4.5,"30","30","TRUE","rotifer","E30HRP","5","I",NA,20,0,20,108
4.5,"30","25","TRUE","rotifer","E30NRP","5","J",NA,8,0,8,108
4.5,"25","25","FALSE","rotifer","E25HR","6","A",NA,10,0,10,108
4.5,"25","30","FALSE","rotifer","E25NR","6","B",NA,54,0,54,108
4.5,"30","30","FALSE","rotifer","E30HR","6","C",NA,40,0,40,108
4.5,"30","25","FALSE","rotifer","E30NR","6","D",NA,7,0,7,108
4.5,"25","25","TRUE","rotifer","E25HRP","6","G",NA,7,0,7,108
4.5,"25","30","TRUE","rotifer","E25NRP","6","H",NA,29,0,29,108
4.5,"30","30","TRUE","rotifer","E30HRP","6","I",NA,23,0,23,108
4.5,"30","25","TRUE","rotifer","E30NRP","6","J",NA,7,0,7,108
4.5,"25","25","FALSE","rotifer","E25HR","7","A",NA,14,0,14,108
4.5,"25","30","FALSE","rotifer","E25NR","7","B",NA,65,0,65,108
4.5,"30","30","FALSE","rotifer","E30HR","7","C",NA,36,0,36,108
4.5,"30","25","FALSE","rotifer","E30NR","7","D",NA,8,0,8,108
4.5,"25","25","TRUE","rotifer","E25HRP","7","G",NA,16,0,16,108
4.5,"25","30","TRUE","rotifer","E25NRP","7","H",NA,25,0,25,108
4.5,"30","30","TRUE","rotifer","E30HRP","7","I",NA,20,0,20,108
4.5,"30","25","TRUE","rotifer","E30NRP","7","J",NA,7,0,7,108
4.5,"25","25","FALSE","rotifer","E25HR","8","A",NA,15,0,15,108
4.5,"25","30","FALSE","rotifer","E25NR","8","B",NA,41,0,41,108
4.5,"30","30","FALSE","rotifer","E30HR","8","C",NA,17,0,17,108
4.5,"30","25","FALSE","rotifer","E30NR","8","D",NA,11,0,11,108
4.5,"25","25","TRUE","rotifer","E25HRP","8","G",NA,8,0,8,108
4.5,"25","30","TRUE","rotifer","E25NRP","8","H",NA,28,0,28,108
4.5,"30","30","TRUE","rotifer","E30HRP","8","I",NA,35,0,35,108
4.5,"30","25","TRUE","rotifer","E30NRP","8","J",NA,10,0,10,108
4.5,"25","25","FALSE","rotifer","E25HR","9","A",NA,12,0,12,108
4.5,"25","30","FALSE","rotifer","E25NR","9","B",NA,45,0,45,108
4.5,"30","30","FALSE","rotifer","E30HR","9","C",NA,36,0,36,108
4.5,"30","25","FALSE","rotifer","E30NR","9","D",NA,6,0,6,108
4.5,"25","25","TRUE","rotifer","E25HRP","9","G",NA,15,0,15,108
4.5,"25","30","TRUE","rotifer","E25NRP","9","H",NA,23,0,23,108
4.5,"30","30","TRUE","rotifer","E30HRP","9","I",NA,21,0,21,108
4.5,"30","25","TRUE","rotifer","E30NRP","9","J",NA,3,0,3,108
4.5,"25","25","FALSE","rotifer","E25HR","10","A",NA,10,0,10,108
4.5,"25","30","FALSE","rotifer","E25NR","10","B",NA,42,0,42,108
4.5,"30","30","FALSE","rotifer","E30HR","10","C",NA,33,0,33,108
4.5,"30","25","FALSE","rotifer","E30NR","10","D",NA,16,0,16,108
4.5,"25","25","TRUE","rotifer","E25HRP","10","G",NA,16,0,16,108
4.5,"25","30","TRUE","rotifer","E25NRP","10","H",NA,31,0,31,108
4.5,"30","30","TRUE","rotifer","E30HRP","10","I",NA,18,0,18,108
4.5,"30","25","TRUE","rotifer","E30NRP","10","J",NA,5,0,5,108
5.5,"25","25","FALSE","rotifer","E25HR","1","A",NA,33,0,33,132
5.5,"25","30","FALSE","rotifer","E25NR","1","B",18,NA,122.4,122.4,132
5.5,"30","30","FALSE","rotifer","E30HR","1","C",NA,50,0,50,132
5.5,"30","25","FALSE","rotifer","E30NR","1","D",NA,24,0,24,132
5.5,"25","25","TRUE","rotifer","E25HRP","1","G",NA,18,0,18,132
5.5,"25","30","TRUE","rotifer","E25NRP","1","H",NA,21,0,21,132
5.5,"30","30","TRUE","rotifer","E30HRP","1","I",NA,13,0,13,132
5.5,"30","25","TRUE","rotifer","E30NRP","1","J",NA,9,0,9,132
5.5,"25","25","FALSE","rotifer","E25HR","2","A",NA,22,0,22,132
5.5,"25","30","FALSE","rotifer","E25NR","2","B",NA,43,0,43,132
5.5,"30","30","FALSE","rotifer","E30HR","2","C",NA,49,0,49,132
5.5,"30","25","FALSE","rotifer","E30NR","2","D",NA,24,0,24,132
5.5,"25","25","TRUE","rotifer","E25HRP","2","G",NA,14,0,14,132
5.5,"25","30","TRUE","rotifer","E25NRP","2","H",NA,36,0,36,132
5.5,"30","30","TRUE","rotifer","E30HRP","2","I",NA,25,0,25,132
5.5,"30","25","TRUE","rotifer","E30NRP","2","J",NA,11,0,11,132
5.5,"25","25","FALSE","rotifer","E25HR","3","A",NA,35,0,35,132
5.5,"25","30","FALSE","rotifer","E25NR","3","B",11,NA,74.8,74.8,132
5.5,"30","30","FALSE","rotifer","E30HR","3","C",NA,51,0,51,132
5.5,"30","25","FALSE","rotifer","E30NR","3","D",NA,29,0,29,132
5.5,"25","25","TRUE","rotifer","E25HRP","3","G",NA,19,0,19,132
5.5,"25","30","TRUE","rotifer","E25NRP","3","H",NA,15,0,15,132
5.5,"30","30","TRUE","rotifer","E30HRP","3","I",NA,20,0,20,132
5.5,"30","25","TRUE","rotifer","E30NRP","3","J",NA,14,0,14,132
5.5,"25","25","FALSE","rotifer","E25HR","4","A",NA,29,0,29,132
5.5,"25","30","FALSE","rotifer","E25NR","4","B",NA,55,0,55,132
5.5,"30","30","FALSE","rotifer","E30HR","4","C",NA,54,0,54,132
5.5,"30","25","FALSE","rotifer","E30NR","4","D",NA,29,0,29,132
5.5,"25","25","TRUE","rotifer","E25HRP","4","G",NA,22,0,22,132
5.5,"25","30","TRUE","rotifer","E25NRP","4","H",NA,47,0,47,132
5.5,"30","30","TRUE","rotifer","E30HRP","4","I",NA,16,0,16,132
5.5,"30","25","TRUE","rotifer","E30NRP","4","J",NA,21,0,21,132
5.5,"25","25","FALSE","rotifer","E25HR","5","A",NA,16,0,16,132
5.5,"25","30","FALSE","rotifer","E25NR","5","B",14,NA,95.2,95.2,132
5.5,"30","30","FALSE","rotifer","E30HR","5","C",NA,59,0,59,132
5.5,"30","25","FALSE","rotifer","E30NR","5","D",NA,29,0,29,132
5.5,"25","25","TRUE","rotifer","E25HRP","5","G",NA,23,0,23,132
5.5,"25","30","TRUE","rotifer","E25NRP","5","H",NA,24,0,24,132
5.5,"30","30","TRUE","rotifer","E30HRP","5","I",NA,18,0,18,132
5.5,"30","25","TRUE","rotifer","E30NRP","5","J",NA,16,0,16,132
5.5,"25","25","FALSE","rotifer","E25HR","6","A",NA,19,0,19,132
5.5,"25","30","FALSE","rotifer","E25NR","6","B",NA,52,0,52,132
5.5,"30","30","FALSE","rotifer","E30HR","6","C",NA,65,0,65,132
5.5,"30","25","FALSE","rotifer","E30NR","6","D",NA,14,0,14,132
5.5,"25","25","TRUE","rotifer","E25HRP","6","G",NA,23,0,23,132
5.5,"25","30","TRUE","rotifer","E25NRP","6","H",NA,27,0,27,132
5.5,"30","30","TRUE","rotifer","E30HRP","6","I",NA,27,0,27,132
5.5,"30","25","TRUE","rotifer","E30NRP","6","J",NA,6,0,6,132
5.5,"25","25","FALSE","rotifer","E25HR","7","A",NA,17,0,17,132
5.5,"25","30","FALSE","rotifer","E25NR","7","B",18,NA,122.4,122.4,132
5.5,"30","30","FALSE","rotifer","E30HR","7","C",NA,63,0,63,132
5.5,"30","25","FALSE","rotifer","E30NR","7","D",NA,20,0,20,132
5.5,"25","25","TRUE","rotifer","E25HRP","7","G",NA,23,0,23,132
5.5,"25","30","TRUE","rotifer","E25NRP","7","H",NA,21,0,21,132
5.5,"30","30","TRUE","rotifer","E30HRP","7","I",NA,27,0,27,132
5.5,"30","25","TRUE","rotifer","E30NRP","7","J",NA,11,0,11,132
5.5,"25","25","FALSE","rotifer","E25HR","8","A",NA,24,0,24,132
5.5,"25","30","FALSE","rotifer","E25NR","8","B",NA,48,0,48,132
5.5,"30","30","FALSE","rotifer","E30HR","8","C",NA,42,0,42,132
5.5,"30","25","FALSE","rotifer","E30NR","8","D",NA,13,0,13,132
5.5,"25","25","TRUE","rotifer","E25HRP","8","G",NA,15,0,15,132
5.5,"25","30","TRUE","rotifer","E25NRP","8","H",NA,27,0,27,132
5.5,"30","30","TRUE","rotifer","E30HRP","8","I",NA,20,0,20,132
5.5,"30","25","TRUE","rotifer","E30NRP","8","J",NA,18,0,18,132
5.5,"25","25","FALSE","rotifer","E25HR","9","A",NA,39,0,39,132
5.5,"25","30","FALSE","rotifer","E25NR","9","B",11,NA,74.8,74.8,132
5.5,"30","30","FALSE","rotifer","E30HR","9","C",13,NA,88.4,88.4,132
5.5,"30","25","FALSE","rotifer","E30NR","9","D",NA,5,0,5,132
5.5,"25","25","TRUE","rotifer","E25HRP","9","G",NA,25,0,25,132
5.5,"25","30","TRUE","rotifer","E25NRP","9","H",NA,36,0,36,132
5.5,"30","30","TRUE","rotifer","E30HRP","9","I",NA,38,0,38,132
5.5,"30","25","TRUE","rotifer","E30NRP","9","J",NA,13,0,13,132
5.5,"25","25","FALSE","rotifer","E25HR","10","A",NA,16,0,16,132
5.5,"25","30","FALSE","rotifer","E25NR","10","B",NA,81,0,81,132
5.5,"30","30","FALSE","rotifer","E30HR","10","C",NA,48,0,48,132
5.5,"30","25","FALSE","rotifer","E30NR","10","D",NA,23,0,23,132
5.5,"25","25","TRUE","rotifer","E25HRP","10","G",NA,14,0,14,132
5.5,"25","30","TRUE","rotifer","E25NRP","10","H",NA,34,0,34,132
5.5,"30","30","TRUE","rotifer","E30HRP","10","I",NA,12,0,12,132
5.5,"30","25","TRUE","rotifer","E30NRP","10","J",NA,13,0,13,132
6.5,"25","25","FALSE","rotifer","E25HR","1","A",NA,37,0,37,156
6.5,"25","30","FALSE","rotifer","E25NR","1","B",13,NA,88.4,88.4,156
6.5,"30","30","FALSE","rotifer","E30HR","1","C",7,NA,47.6,47.6,156
6.5,"30","25","FALSE","rotifer","E30NR","1","D",NA,30,0,30,156
6.5,"25","25","TRUE","rotifer","E25HRP","1","G",NA,17,0,17,156
6.5,"25","30","TRUE","rotifer","E25NRP","1","H",NA,44,0,44,156
6.5,"30","30","TRUE","rotifer","E30HRP","1","I",NA,22,0,22,156
6.5,"30","25","TRUE","rotifer","E30NRP","1","J",NA,19,0,19,156
6.5,"25","25","FALSE","rotifer","E25HR","2","A",NA,29,0,29,156
6.5,"25","30","FALSE","rotifer","E25NR","2","B",7,NA,47.6,47.6,156
6.5,"30","30","FALSE","rotifer","E30HR","2","C",6,NA,40.8,40.8,156
6.5,"30","25","FALSE","rotifer","E30NR","2","D",NA,27,0,27,156
6.5,"25","25","TRUE","rotifer","E25HRP","2","G",NA,10,0,10,156
6.5,"25","30","TRUE","rotifer","E25NRP","2","H",NA,24,0,24,156
6.5,"30","30","TRUE","rotifer","E30HRP","2","I",NA,29,0,29,156
6.5,"30","25","TRUE","rotifer","E30NRP","2","J",NA,16,0,16,156
6.5,"25","25","FALSE","rotifer","E25HR","3","A",NA,33,0,33,156
6.5,"25","30","FALSE","rotifer","E25NR","3","B",7,NA,47.6,47.6,156
6.5,"30","30","FALSE","rotifer","E30HR","3","C",9,NA,61.2,61.2,156
6.5,"30","25","FALSE","rotifer","E30NR","3","D",NA,30,0,30,156
6.5,"25","25","TRUE","rotifer","E25HRP","3","G",NA,31,0,31,156
6.5,"25","30","TRUE","rotifer","E25NRP","3","H",NA,33,0,33,156
6.5,"30","30","TRUE","rotifer","E30HRP","3","I",NA,22,0,22,156
6.5,"30","25","TRUE","rotifer","E30NRP","3","J",NA,24,0,24,156
6.5,"25","25","FALSE","rotifer","E25HR","4","A",NA,54,0,54,156
6.5,"25","30","FALSE","rotifer","E25NR","4","B",NA,58,0,58,156
6.5,"30","30","FALSE","rotifer","E30HR","4","C",NA,58,0,58,156
6.5,"30","25","FALSE","rotifer","E30NR","4","D",NA,31,0,31,156
6.5,"25","25","TRUE","rotifer","E25HRP","4","G",NA,31,0,31,156
6.5,"25","30","TRUE","rotifer","E25NRP","4","H",NA,51,0,51,156
6.5,"30","30","TRUE","rotifer","E30HRP","4","I",NA,22,0,22,156
6.5,"30","25","TRUE","rotifer","E30NRP","4","J",NA,15,0,15,156
6.5,"25","25","FALSE","rotifer","E25HR","5","A",NA,31,0,31,156
6.5,"25","30","FALSE","rotifer","E25NR","5","B",NA,57,0,57,156
6.5,"30","30","FALSE","rotifer","E30HR","5","C",NA,67,0,67,156
6.5,"30","25","FALSE","rotifer","E30NR","5","D",NA,45,0,45,156
6.5,"25","25","TRUE","rotifer","E25HRP","5","G",NA,16,0,16,156
6.5,"25","30","TRUE","rotifer","E25NRP","5","H",NA,33,0,33,156
6.5,"30","30","TRUE","rotifer","E30HRP","5","I",NA,32,0,32,156
6.5,"30","25","TRUE","rotifer","E30NRP","5","J",NA,16,0,16,156
6.5,"25","25","FALSE","rotifer","E25HR","6","A",NA,26,0,26,156
6.5,"25","30","FALSE","rotifer","E25NR","6","B",NA,72,0,72,156
6.5,"30","30","FALSE","rotifer","E30HR","6","C",NA,58,0,58,156
6.5,"30","25","FALSE","rotifer","E30NR","6","D",NA,19,0,19,156
6.5,"25","25","TRUE","rotifer","E25HRP","6","G",NA,23,0,23,156
6.5,"25","30","TRUE","rotifer","E25NRP","6","H",NA,32,0,32,156
6.5,"30","30","TRUE","rotifer","E30HRP","6","I",NA,25,0,25,156
6.5,"30","25","TRUE","rotifer","E30NRP","6","J",NA,12,0,12,156
6.5,"25","25","FALSE","rotifer","E25HR","7","A",NA,31,0,31,156
6.5,"25","30","FALSE","rotifer","E25NR","7","B",10,NA,68,68,156
6.5,"30","30","FALSE","rotifer","E30HR","7","C",9,NA,61.2,61.2,156
6.5,"30","25","FALSE","rotifer","E30NR","7","D",NA,28,0,28,156
6.5,"25","25","TRUE","rotifer","E25HRP","7","G",NA,24,0,24,156
6.5,"25","30","TRUE","rotifer","E25NRP","7","H",NA,26,0,26,156
6.5,"30","30","TRUE","rotifer","E30HRP","7","I",NA,29,0,29,156
6.5,"30","25","TRUE","rotifer","E30NRP","7","J",NA,25,0,25,156
6.5,"25","25","FALSE","rotifer","E25HR","8","A",NA,29,0,29,156
6.5,"25","30","FALSE","rotifer","E25NR","8","B",NA,43,0,43,156
6.5,"30","30","FALSE","rotifer","E30HR","8","C",NA,49,0,49,156
6.5,"30","25","FALSE","rotifer","E30NR","8","D",NA,29,0,29,156
6.5,"25","25","TRUE","rotifer","E25HRP","8","G",NA,24,0,24,156
6.5,"25","30","TRUE","rotifer","E25NRP","8","H",NA,34,0,34,156
6.5,"30","30","TRUE","rotifer","E30HRP","8","I",NA,31,0,31,156
6.5,"30","25","TRUE","rotifer","E30NRP","8","J",NA,13,0,13,156
6.5,"25","25","FALSE","rotifer","E25HR","9","A",NA,33,0,33,156
6.5,"25","30","FALSE","rotifer","E25NR","9","B",14,NA,95.2,95.2,156
6.5,"30","30","FALSE","rotifer","E30HR","9","C",6,NA,40.8,40.8,156
6.5,"30","25","FALSE","rotifer","E30NR","9","D",NA,24,0,24,156
6.5,"25","25","TRUE","rotifer","E25HRP","9","G",NA,22,0,22,156
6.5,"25","30","TRUE","rotifer","E25NRP","9","H",NA,30,0,30,156
6.5,"30","30","TRUE","rotifer","E30HRP","9","I",NA,23,0,23,156
6.5,"30","25","TRUE","rotifer","E30NRP","9","J",NA,13,0,13,156
6.5,"25","25","FALSE","rotifer","E25HR","10","A",NA,25,0,25,156
6.5,"25","30","FALSE","rotifer","E25NR","10","B",NA,60,0,60,156
6.5,"30","30","FALSE","rotifer","E30HR","10","C",NA,52,0,52,156
6.5,"30","25","FALSE","rotifer","E30NR","10","D",NA,22,0,22,156
6.5,"25","25","TRUE","rotifer","E25HRP","10","G",NA,28,0,28,156
6.5,"25","30","TRUE","rotifer","E25NRP","10","H",NA,42,0,42,156
6.5,"30","30","TRUE","rotifer","E30HRP","10","I",NA,13,0,13,156
6.5,"30","25","TRUE","rotifer","E30NRP","10","J",NA,24,0,24,156
7.5,"25","25","FALSE","rotifer","E25HR","1","A",NA,39,0,39,180
7.5,"25","30","FALSE","rotifer","E25NR","1","B",NA,76,0,76,180
7.5,"30","30","FALSE","rotifer","E30HR","1","C",NA,61,0,61,180
7.5,"30","25","FALSE","rotifer","E30NR","1","D",NA,34,0,34,180
7.5,"25","25","TRUE","rotifer","E25HRP","1","G",NA,29,0,29,180
7.5,"25","30","TRUE","rotifer","E25NRP","1","H",NA,41,0,41,180
7.5,"30","30","TRUE","rotifer","E30HRP","1","I",NA,29,0,29,180
7.5,"30","25","TRUE","rotifer","E30NRP","1","J",NA,21,0,21,180
7.5,"25","25","FALSE","rotifer","E25HR","2","A",NA,46,0,46,180
7.5,"25","30","FALSE","rotifer","E25NR","2","B",NA,60,0,60,180
7.5,"30","30","FALSE","rotifer","E30HR","2","C",NA,48,0,48,180
7.5,"30","25","FALSE","rotifer","E30NR","2","D",NA,41,0,41,180
7.5,"25","25","TRUE","rotifer","E25HRP","2","G",NA,32,0,32,180
7.5,"25","30","TRUE","rotifer","E25NRP","2","H",NA,52,0,52,180
7.5,"30","30","TRUE","rotifer","E30HRP","2","I",NA,32,0,32,180
7.5,"30","25","TRUE","rotifer","E30NRP","2","J",NA,20,0,20,180
7.5,"25","25","FALSE","rotifer","E25HR","3","A",NA,45,0,45,180
7.5,"25","30","FALSE","rotifer","E25NR","3","B",NA,59,0,59,180
7.5,"30","30","FALSE","rotifer","E30HR","3","C",NA,76,0,76,180
7.5,"30","25","FALSE","rotifer","E30NR","3","D",NA,48,0,48,180
7.5,"25","25","TRUE","rotifer","E25HRP","3","G",NA,22,0,22,180
7.5,"25","30","TRUE","rotifer","E25NRP","3","H",NA,15,0,15,180
7.5,"30","30","TRUE","rotifer","E30HRP","3","I",NA,22,0,22,180
7.5,"30","25","TRUE","rotifer","E30NRP","3","J",NA,20,0,20,180
7.5,"25","25","FALSE","rotifer","E25HR","4","A",NA,49,0,49,180
7.5,"25","30","FALSE","rotifer","E25NR","4","B",NA,74,0,74,180
7.5,"30","30","FALSE","rotifer","E30HR","4","C",NA,71,0,71,180
7.5,"30","25","FALSE","rotifer","E30NR","4","D",NA,38,0,38,180
7.5,"25","25","TRUE","rotifer","E25HRP","4","G",NA,45,0,45,180
7.5,"25","30","TRUE","rotifer","E25NRP","4","H",NA,51,0,51,180
7.5,"30","30","TRUE","rotifer","E30HRP","4","I",NA,27,0,27,180
7.5,"30","25","TRUE","rotifer","E30NRP","4","J",NA,21,0,21,180
7.5,"25","25","FALSE","rotifer","E25HR","5","A",NA,65,0,65,180
7.5,"25","30","FALSE","rotifer","E25NR","5","B",NA,90,0,90,180
7.5,"30","30","FALSE","rotifer","E30HR","5","C",NA,61,0,61,180
7.5,"30","25","FALSE","rotifer","E30NR","5","D",NA,41,0,41,180
7.5,"25","25","TRUE","rotifer","E25HRP","5","G",NA,29,0,29,180
7.5,"25","30","TRUE","rotifer","E25NRP","5","H",NA,36,0,36,180
7.5,"30","30","TRUE","rotifer","E30HRP","5","I",NA,35,0,35,180
7.5,"30","25","TRUE","rotifer","E30NRP","5","J",NA,31,0,31,180
7.5,"25","25","FALSE","rotifer","E25HR","6","A",NA,33,0,33,180
7.5,"25","30","FALSE","rotifer","E25NR","6","B",NA,67,0,67,180
7.5,"30","30","FALSE","rotifer","E30HR","6","C",NA,69,0,69,180
7.5,"30","25","FALSE","rotifer","E30NR","6","D",NA,42,0,42,180
7.5,"25","25","TRUE","rotifer","E25HRP","6","G",6,NA,40.8,40.8,180
7.5,"25","30","TRUE","rotifer","E25NRP","6","H",8,NA,54.4,54.4,180
7.5,"30","30","TRUE","rotifer","E30HRP","6","I",NA,26,0,26,180
7.5,"30","25","TRUE","rotifer","E30NRP","6","J",2,NA,13.6,13.6,180
7.5,"25","25","FALSE","rotifer","E25HR","7","A",5,NA,34,34,180
7.5,"25","30","FALSE","rotifer","E25NR","7","B",14,NA,95.2,95.2,180
7.5,"30","30","FALSE","rotifer","E30HR","7","C",8,NA,54.4,54.4,180
7.5,"30","25","FALSE","rotifer","E30NR","7","D",8,NA,54.4,54.4,180
7.5,"25","25","TRUE","rotifer","E25HRP","7","G",6,NA,40.8,40.8,180
7.5,"25","30","TRUE","rotifer","E25NRP","7","H",5,NA,34,34,180
7.5,"30","30","TRUE","rotifer","E30HRP","7","I",NA,16,0,16,180
7.5,"30","25","TRUE","rotifer","E30NRP","7","J",NA,24,0,24,180
7.5,"25","25","FALSE","rotifer","E25HR","8","A",NA,49,0,49,180
7.5,"25","30","FALSE","rotifer","E25NR","8","B",16,NA,108.8,108.8,180
7.5,"30","30","FALSE","rotifer","E30HR","8","C",10,NA,68,68,180
7.5,"30","25","FALSE","rotifer","E30NR","8","D",8,NA,54.4,54.4,180
7.5,"25","25","TRUE","rotifer","E25HRP","8","G",8,NA,54.4,54.4,180
7.5,"25","30","TRUE","rotifer","E25NRP","8","H",7,NA,47.6,47.6,180
7.5,"30","30","TRUE","rotifer","E30HRP","8","I",4,NA,27.2,27.2,180
7.5,"30","25","TRUE","rotifer","E30NRP","8","J",7,NA,47.6,47.6,180
7.5,"25","25","FALSE","rotifer","E25HR","9","A",9,NA,61.2,61.2,180
7.5,"25","30","FALSE","rotifer","E25NR","9","B",8,NA,54.4,54.4,180
7.5,"30","30","FALSE","rotifer","E30HR","9","C",10,NA,68,68,180
7.5,"30","25","FALSE","rotifer","E30NR","9","D",6,NA,40.8,40.8,180
7.5,"25","25","TRUE","rotifer","E25HRP","9","G",6,NA,40.8,40.8,180
7.5,"25","30","TRUE","rotifer","E25NRP","9","H",9,NA,61.2,61.2,180
7.5,"30","30","TRUE","rotifer","E30HRP","9","I",NA,26,0,26,180
7.5,"30","25","TRUE","rotifer","E30NRP","9","J",8,NA,54.4,54.4,180
7.5,"25","25","FALSE","rotifer","E25HR","10","A",8,NA,54.4,54.4,180
7.5,"25","30","FALSE","rotifer","E25NR","10","B",6,NA,40.8,40.8,180
7.5,"30","30","FALSE","rotifer","E30HR","10","C",9,NA,61.2,61.2,180
7.5,"30","25","FALSE","rotifer","E30NR","10","D",NA,39,0,39,180
7.5,"25","25","TRUE","rotifer","E25HRP","10","G",6,NA,40.8,40.8,180
7.5,"25","30","TRUE","rotifer","E25NRP","10","H",10,NA,68,68,180
7.5,"30","30","TRUE","rotifer","E30HRP","10","I",6,NA,40.8,40.8,180
7.5,"30","25","TRUE","rotifer","E30NRP","10","J",NA,20,0,20,180
8.5,"25","25","FALSE","rotifer","E25HR","1","A",NA,45,0,45,204
8.5,"25","30","FALSE","rotifer","E25NR","1","B",NA,80,0,80,204
8.5,"30","30","FALSE","rotifer","E30HR","1","C",NA,64,0,64,204
8.5,"30","25","FALSE","rotifer","E30NR","1","D",NA,56,0,56,204
8.5,"25","25","TRUE","rotifer","E25HRP","1","G",NA,34,0,34,204
8.5,"25","30","TRUE","rotifer","E25NRP","1","H",NA,56,0,56,204
8.5,"30","30","TRUE","rotifer","E30HRP","1","I",NA,31,0,31,204
8.5,"30","25","TRUE","rotifer","E30NRP","1","J",NA,33,0,33,204
8.5,"25","25","FALSE","rotifer","E25HR","2","A",NA,64,0,64,204
8.5,"25","30","FALSE","rotifer","E25NR","2","B",NA,66,0,66,204
8.5,"30","30","FALSE","rotifer","E30HR","2","C",NA,69,0,69,204
8.5,"30","25","FALSE","rotifer","E30NR","2","D",NA,58,0,58,204
8.5,"25","25","TRUE","rotifer","E25HRP","2","G",NA,47,0,47,204
8.5,"25","30","TRUE","rotifer","E25NRP","2","H",NA,40,0,40,204
8.5,"30","30","TRUE","rotifer","E30HRP","2","I",NA,39,0,39,204
8.5,"30","25","TRUE","rotifer","E30NRP","2","J",NA,32,0,32,204
8.5,"25","25","FALSE","rotifer","E25HR","3","A",NA,57,0,57,204
8.5,"25","30","FALSE","rotifer","E25NR","3","B",NA,78,0,78,204
8.5,"30","30","FALSE","rotifer","E30HR","3","C",NA,77,0,77,204
8.5,"30","25","FALSE","rotifer","E30NR","3","D",NA,52,0,52,204
8.5,"25","25","TRUE","rotifer","E25HRP","3","G",8,NA,54.4,54.4,204
8.5,"25","30","TRUE","rotifer","E25NRP","3","H",5,NA,34,34,204
8.5,"30","30","TRUE","rotifer","E30HRP","3","I",8,NA,54.4,54.4,204
8.5,"30","25","TRUE","rotifer","E30NRP","3","J",4,NA,27.2,27.2,204
8.5,"25","25","FALSE","rotifer","E25HR","4","A",11,NA,74.8,74.8,204
8.5,"25","30","FALSE","rotifer","E25NR","4","B",11,NA,74.8,74.8,204
8.5,"30","30","FALSE","rotifer","E30HR","4","C",NA,82,0,82,204
8.5,"30","25","FALSE","rotifer","E30NR","4","D",7,NA,47.6,47.6,204
8.5,"25","25","TRUE","rotifer","E25HRP","4","G",10,NA,68,68,204
8.5,"25","30","TRUE","rotifer","E25NRP","4","H",7,NA,47.6,47.6,204
8.5,"30","30","TRUE","rotifer","E30HRP","4","I",8,NA,54.4,54.4,204
8.5,"30","25","TRUE","rotifer","E30NRP","4","J",10,NA,68,68,204
8.5,"25","25","FALSE","rotifer","E25HR","5","A",NA,50,0,50,204
8.5,"25","30","FALSE","rotifer","E25NR","5","B",9,NA,61.2,61.2,204
8.5,"30","30","FALSE","rotifer","E30HR","5","C",8,NA,54.4,54.4,204
8.5,"30","25","FALSE","rotifer","E30NR","5","D",NA,57,0,57,204
8.5,"25","25","TRUE","rotifer","E25HRP","5","G",5,NA,34,34,204
8.5,"25","30","TRUE","rotifer","E25NRP","5","H",10,NA,68,68,204
8.5,"30","30","TRUE","rotifer","E30HRP","5","I",5,NA,34,34,204
8.5,"30","25","TRUE","rotifer","E30NRP","5","J",5,NA,34,34,204
8.5,"25","25","FALSE","rotifer","E25HR","6","A",NA,40,0,40,204
8.5,"25","30","FALSE","rotifer","E25NR","6","B",NA,70,0,70,204
8.5,"30","30","FALSE","rotifer","E30HR","6","C",NA,69,0,69,204
8.5,"30","25","FALSE","rotifer","E30NR","6","D",NA,41,0,41,204
8.5,"25","25","TRUE","rotifer","E25HRP","6","G",NA,40,0,40,204
8.5,"25","30","TRUE","rotifer","E25NRP","6","H",NA,44,0,44,204
8.5,"30","30","TRUE","rotifer","E30HRP","6","I",NA,41,0,41,204
8.5,"30","25","TRUE","rotifer","E30NRP","6","J",NA,20,0,20,204
8.5,"25","25","FALSE","rotifer","E25HR","7","A",NA,59,0,59,204
8.5,"25","30","FALSE","rotifer","E25NR","7","B",NA,68,0,68,204
8.5,"30","30","FALSE","rotifer","E30HR","7","C",NA,66,0,66,204
8.5,"30","25","FALSE","rotifer","E30NR","7","D",NA,46,0,46,204
8.5,"25","25","TRUE","rotifer","E25HRP","7","G",NA,47,0,47,204
8.5,"25","30","TRUE","rotifer","E25NRP","7","H",NA,43,0,43,204
8.5,"30","30","TRUE","rotifer","E30HRP","7","I",NA,30,0,30,204
8.5,"30","25","TRUE","rotifer","E30NRP","7","J",NA,22,0,22,204
8.5,"25","25","FALSE","rotifer","E25HR","8","A",NA,40,0,40,204
8.5,"25","30","FALSE","rotifer","E25NR","8","B",NA,51,0,51,204
8.5,"30","30","FALSE","rotifer","E30HR","8","C",NA,43,0,43,204
8.5,"30","25","FALSE","rotifer","E30NR","8","D",NA,39,0,39,204
8.5,"25","25","TRUE","rotifer","E25HRP","8","G",NA,38,0,38,204
8.5,"25","30","TRUE","rotifer","E25NRP","8","H",NA,32,0,32,204
8.5,"30","30","TRUE","rotifer","E30HRP","8","I",NA,33,0,33,204
8.5,"30","25","TRUE","rotifer","E30NRP","8","J",NA,36,0,36,204
8.5,"25","25","FALSE","rotifer","E25HR","9","A",NA,66,0,66,204
8.5,"25","30","FALSE","rotifer","E25NR","9","B",NA,77,0,77,204
8.5,"30","30","FALSE","rotifer","E30HR","9","C",NA,68,0,68,204
8.5,"30","25","FALSE","rotifer","E30NR","9","D",NA,58,0,58,204
8.5,"25","25","TRUE","rotifer","E25HRP","9","G",NA,40,0,40,204
8.5,"25","30","TRUE","rotifer","E25NRP","9","H",NA,59,0,59,204
8.5,"30","30","TRUE","rotifer","E30HRP","9","I",NA,33,0,33,204
8.5,"30","25","TRUE","rotifer","E30NRP","9","J",NA,13,0,13,204
8.5,"25","25","FALSE","rotifer","E25HR","10","A",NA,66,0,66,204
8.5,"25","30","FALSE","rotifer","E25NR","10","B",NA,70,0,70,204
8.5,"30","30","FALSE","rotifer","E30HR","10","C",NA,49,0,49,204
8.5,"30","25","FALSE","rotifer","E30NR","10","D",NA,52,0,52,204
8.5,"25","25","TRUE","rotifer","E25HRP","10","G",NA,33,0,33,204
8.5,"25","30","TRUE","rotifer","E25NRP","10","H",NA,47,0,47,204
8.5,"30","30","TRUE","rotifer","E30HRP","10","I",NA,48,0,48,204
8.5,"30","25","TRUE","rotifer","E30NRP","10","J",NA,16,0,16,204
10.5,"25","25","FALSE","rotifer","E25HR","1","A",NA,54,0,54,252
10.5,"25","30","FALSE","rotifer","E25NR","1","B",NA,74,0,74,252
10.5,"30","30","FALSE","rotifer","E30HR","1","C",NA,74,0,74,252
10.5,"30","25","FALSE","rotifer","E30NR","1","D",NA,56,0,56,252
10.5,"25","25","TRUE","rotifer","E25HRP","1","G",NA,41,0,41,252
10.5,"25","30","TRUE","rotifer","E25NRP","1","H",NA,76,0,76,252
10.5,"30","30","TRUE","rotifer","E30HRP","1","I",NA,56,0,56,252
10.5,"30","25","TRUE","rotifer","E30NRP","1","J",NA,42,0,42,252
10.5,"25","25","FALSE","rotifer","E25HR","2","A",NA,59,0,59,252
10.5,"25","30","FALSE","rotifer","E25NR","2","B",NA,75,0,75,252
10.5,"30","30","FALSE","rotifer","E30HR","2","C",NA,64,0,64,252
10.5,"30","25","FALSE","rotifer","E30NR","2","D",NA,44,0,44,252
10.5,"25","25","TRUE","rotifer","E25HRP","2","G",NA,47,0,47,252
10.5,"25","30","TRUE","rotifer","E25NRP","2","H",NA,41,0,41,252
10.5,"30","30","TRUE","rotifer","E30HRP","2","I",NA,40,0,40,252
10.5,"30","25","TRUE","rotifer","E30NRP","2","J",NA,40,0,40,252
10.5,"25","25","FALSE","rotifer","E25HR","3","A",NA,65,0,65,252
10.5,"25","30","FALSE","rotifer","E25NR","3","B",NA,80,0,80,252
10.5,"30","30","FALSE","rotifer","E30HR","3","C",NA,71,0,71,252
10.5,"30","25","FALSE","rotifer","E30NR","3","D",NA,62,0,62,252
10.5,"25","25","TRUE","rotifer","E25HRP","3","G",NA,28,0,28,252
10.5,"25","30","TRUE","rotifer","E25NRP","3","H",NA,21,0,21,252
10.5,"30","30","TRUE","rotifer","E30HRP","3","I",NA,27,0,27,252
10.5,"30","25","TRUE","rotifer","E30NRP","3","J",NA,39,0,39,252
10.5,"25","25","FALSE","rotifer","E25HR","4","A",NA,66,0,66,252
10.5,"25","30","FALSE","rotifer","E25NR","4","B",NA,79,0,79,252
10.5,"30","30","FALSE","rotifer","E30HR","4","C",NA,56,0,56,252
10.5,"30","25","FALSE","rotifer","E30NR","4","D",NA,57,0,57,252
10.5,"25","25","TRUE","rotifer","E25HRP","4","G",NA,48,0,48,252
10.5,"25","30","TRUE","rotifer","E25NRP","4","H",NA,52,0,52,252
10.5,"30","30","TRUE","rotifer","E30HRP","4","I",NA,41,0,41,252
10.5,"30","25","TRUE","rotifer","E30NRP","4","J",NA,38,0,38,252
10.5,"25","25","FALSE","rotifer","E25HR","5","A",NA,79,0,79,252
10.5,"25","30","FALSE","rotifer","E25NR","5","B",NA,98,0,98,252
10.5,"30","30","FALSE","rotifer","E30HR","5","C",NA,64,0,64,252
10.5,"30","25","FALSE","rotifer","E30NR","5","D",NA,72,0,72,252
10.5,"25","25","TRUE","rotifer","E25HRP","5","G",NA,61,0,61,252
10.5,"25","30","TRUE","rotifer","E25NRP","5","H",NA,51,0,51,252
10.5,"30","30","TRUE","rotifer","E30HRP","5","I",NA,35,0,35,252
10.5,"30","25","TRUE","rotifer","E30NRP","5","J",NA,23,0,23,252
10.5,"25","25","FALSE","rotifer","E25HR","6","A",NA,43,0,43,252
10.5,"25","30","FALSE","rotifer","E25NR","6","B",NA,64,0,64,252
10.5,"30","30","FALSE","rotifer","E30HR","6","C",NA,69,0,69,252
10.5,"30","25","FALSE","rotifer","E30NR","6","D",NA,38,0,38,252
10.5,"25","25","TRUE","rotifer","E25HRP","6","G",NA,43,0,43,252
10.5,"25","30","TRUE","rotifer","E25NRP","6","H",NA,53,0,53,252
10.5,"30","30","TRUE","rotifer","E30HRP","6","I",NA,29,0,29,252
10.5,"30","25","TRUE","rotifer","E30NRP","6","J",NA,42,0,42,252
10.5,"25","25","FALSE","rotifer","E25HR","7","A",NA,49,0,49,252
10.5,"25","30","FALSE","rotifer","E25NR","7","B",NA,76,0,76,252
10.5,"30","30","FALSE","rotifer","E30HR","7","C",NA,56,0,56,252
10.5,"30","25","FALSE","rotifer","E30NR","7","D",NA,65,0,65,252
10.5,"25","25","TRUE","rotifer","E25HRP","7","G",NA,44,0,44,252
10.5,"25","30","TRUE","rotifer","E25NRP","7","H",NA,59,0,59,252
10.5,"30","30","TRUE","rotifer","E30HRP","7","I",NA,41,0,41,252
10.5,"30","25","TRUE","rotifer","E30NRP","7","J",NA,28,0,28,252
10.5,"25","25","FALSE","rotifer","E25HR","8","A",NA,53,0,53,252
10.5,"25","30","FALSE","rotifer","E25NR","8","B",NA,46,0,46,252
10.5,"30","30","FALSE","rotifer","E30HR","8","C",NA,43,0,43,252
10.5,"30","25","FALSE","rotifer","E30NR","8","D",NA,33,0,33,252
10.5,"25","25","TRUE","rotifer","E25HRP","8","G",NA,29,0,29,252
10.5,"25","30","TRUE","rotifer","E25NRP","8","H",NA,48,0,48,252
10.5,"30","30","TRUE","rotifer","E30HRP","8","I",NA,35,0,35,252
10.5,"30","25","TRUE","rotifer","E30NRP","8","J",NA,30,0,30,252
10.5,"25","25","FALSE","rotifer","E25HR","9","A",NA,67,0,67,252
10.5,"25","30","FALSE","rotifer","E25NR","9","B",NA,62,0,62,252
10.5,"30","30","FALSE","rotifer","E30HR","9","C",NA,78,0,78,252
10.5,"30","25","FALSE","rotifer","E30NR","9","D",NA,40,0,40,252
10.5,"25","25","TRUE","rotifer","E25HRP","9","G",NA,31,0,31,252
10.5,"25","30","TRUE","rotifer","E25NRP","9","H",NA,53,0,53,252
10.5,"30","30","TRUE","rotifer","E30HRP","9","I",NA,25,0,25,252
10.5,"30","25","TRUE","rotifer","E30NRP","9","J",NA,26,0,26,252
10.5,"25","25","FALSE","rotifer","E25HR","10","A",NA,42,0,42,252
10.5,"25","30","FALSE","rotifer","E25NR","10","B",NA,56,0,56,252
10.5,"30","30","FALSE","rotifer","E30HR","10","C",NA,52,0,52,252
10.5,"30","25","FALSE","rotifer","E30NR","10","D",NA,58,0,58,252
10.5,"25","25","TRUE","rotifer","E25HRP","10","G",NA,44,0,44,252
10.5,"25","30","TRUE","rotifer","E25NRP","10","H",NA,48,0,48,252
10.5,"30","30","TRUE","rotifer","E30HRP","10","I",NA,40,0,40,252
10.5,"30","25","TRUE","rotifer","E30NRP","10","J",NA,30,0,30,252
12.5,"25","25","FALSE","rotifer","E25HR","1","A",NA,61,0,61,300
12.5,"25","30","FALSE","rotifer","E25NR","1","B",NA,94,0,94,300
12.5,"30","30","FALSE","rotifer","E30HR","1","C",NA,84,0,84,300
12.5,"30","25","FALSE","rotifer","E30NR","1","D",NA,60,0,60,300
12.5,"25","25","TRUE","rotifer","E25HRP","1","G",NA,44,0,44,300
12.5,"25","30","TRUE","rotifer","E25NRP","1","H",NA,44,0,44,300
12.5,"30","30","TRUE","rotifer","E30HRP","1","I",NA,45,0,45,300
12.5,"30","25","TRUE","rotifer","E30NRP","1","J",NA,37,0,37,300
12.5,"25","25","FALSE","rotifer","E25HR","2","A",NA,58,0,58,300
12.5,"25","30","FALSE","rotifer","E25NR","2","B",NA,66,0,66,300
12.5,"30","30","FALSE","rotifer","E30HR","2","C",NA,56,0,56,300
12.5,"30","25","FALSE","rotifer","E30NR","2","D",NA,62,0,62,300
12.5,"25","25","TRUE","rotifer","E25HRP","2","G",NA,52,0,52,300
12.5,"25","30","TRUE","rotifer","E25NRP","2","H",NA,43,0,43,300
12.5,"30","30","TRUE","rotifer","E30HRP","2","I",NA,42,0,42,300
12.5,"30","25","TRUE","rotifer","E30NRP","2","J",NA,48,0,48,300
12.5,"25","25","FALSE","rotifer","E25HR","3","A",NA,70,0,70,300
12.5,"25","30","FALSE","rotifer","E25NR","3","B",NA,87,0,87,300
12.5,"30","30","FALSE","rotifer","E30HR","3","C",NA,89,0,89,300
12.5,"30","25","FALSE","rotifer","E30NR","3","D",NA,53,0,53,300
12.5,"25","25","TRUE","rotifer","E25HRP","3","G",NA,35,0,35,300
12.5,"25","30","TRUE","rotifer","E25NRP","3","H",NA,26,0,26,300
12.5,"30","30","TRUE","rotifer","E30HRP","3","I",NA,34,0,34,300
12.5,"30","25","TRUE","rotifer","E30NRP","3","J",NA,43,0,43,300
12.5,"25","25","FALSE","rotifer","E25HR","4","A",NA,82,0,82,300
12.5,"25","30","FALSE","rotifer","E25NR","4","B",NA,72,0,72,300
12.5,"30","30","FALSE","rotifer","E30HR","4","C",NA,50,0,50,300
12.5,"30","25","FALSE","rotifer","E30NR","4","D",NA,62,0,62,300
12.5,"25","25","TRUE","rotifer","E25HRP","4","G",NA,43,0,43,300
12.5,"25","30","TRUE","rotifer","E25NRP","4","H",NA,65,0,65,300
12.5,"30","30","TRUE","rotifer","E30HRP","4","I",NA,42,0,42,300
12.5,"30","25","TRUE","rotifer","E30NRP","4","J",NA,38,0,38,300
12.5,"25","25","FALSE","rotifer","E25HR","5","A",NA,73,0,73,300
12.5,"25","30","FALSE","rotifer","E25NR","5","B",NA,73,0,73,300
12.5,"30","30","FALSE","rotifer","E30HR","5","C",NA,81,0,81,300
12.5,"30","25","FALSE","rotifer","E30NR","5","D",NA,44,0,44,300
12.5,"25","25","TRUE","rotifer","E25HRP","5","G",NA,57,0,57,300
12.5,"25","30","TRUE","rotifer","E25NRP","5","H",NA,53,0,53,300
12.5,"30","30","TRUE","rotifer","E30HRP","5","I",NA,53,0,53,300
12.5,"30","25","TRUE","rotifer","E30NRP","5","J",NA,51,0,51,300
12.5,"25","25","FALSE","rotifer","E25HR","6","A",NA,62,0,62,300
12.5,"25","30","FALSE","rotifer","E25NR","6","B",NA,73,0,73,300
12.5,"30","30","FALSE","rotifer","E30HR","6","C",NA,73,0,73,300
12.5,"30","25","FALSE","rotifer","E30NR","6","D",NA,56,0,56,300
12.5,"25","25","TRUE","rotifer","E25HRP","6","G",NA,40,0,40,300
12.5,"25","30","TRUE","rotifer","E25NRP","6","H",NA,55,0,55,300
12.5,"30","30","TRUE","rotifer","E30HRP","6","I",NA,31,0,31,300
12.5,"30","25","TRUE","rotifer","E30NRP","6","J",NA,37,0,37,300
12.5,"25","25","FALSE","rotifer","E25HR","7","A",NA,64,0,64,300
12.5,"25","30","FALSE","rotifer","E25NR","7","B",NA,63,0,63,300
12.5,"30","30","FALSE","rotifer","E30HR","7","C",NA,64,0,64,300
12.5,"30","25","FALSE","rotifer","E30NR","7","D",NA,71,0,71,300
12.5,"25","25","TRUE","rotifer","E25HRP","7","G",NA,50,0,50,300
12.5,"25","30","TRUE","rotifer","E25NRP","7","H",NA,43,0,43,300
12.5,"30","30","TRUE","rotifer","E30HRP","7","I",NA,41,0,41,300
12.5,"30","25","TRUE","rotifer","E30NRP","7","J",NA,41,0,41,300
12.5,"25","25","FALSE","rotifer","E25HR","8","A",NA,66,0,66,300
12.5,"25","30","FALSE","rotifer","E25NR","8","B",NA,68,0,68,300
12.5,"30","30","FALSE","rotifer","E30HR","8","C",NA,55,0,55,300
12.5,"30","25","FALSE","rotifer","E30NR","8","D",NA,59,0,59,300
12.5,"25","25","TRUE","rotifer","E25HRP","8","G",NA,35,0,35,300
12.5,"25","30","TRUE","rotifer","E25NRP","8","H",NA,28,0,28,300
12.5,"30","30","TRUE","rotifer","E30HRP","8","I",NA,51,0,51,300
12.5,"30","25","TRUE","rotifer","E30NRP","8","J",NA,30,0,30,300
12.5,"25","25","FALSE","rotifer","E25HR","9","A",NA,78,0,78,300
12.5,"25","30","FALSE","rotifer","E25NR","9","B",NA,68,0,68,300
12.5,"30","30","FALSE","rotifer","E30HR","9","C",NA,92,0,92,300
12.5,"30","25","FALSE","rotifer","E30NR","9","D",NA,55,0,55,300
12.5,"25","25","TRUE","rotifer","E25HRP","9","G",NA,50,0,50,300
12.5,"25","30","TRUE","rotifer","E25NRP","9","H",NA,59,0,59,300
12.5,"30","30","TRUE","rotifer","E30HRP","9","I",NA,46,0,46,300
12.5,"30","25","TRUE","rotifer","E30NRP","9","J",NA,39,0,39,300
12.5,"25","25","FALSE","rotifer","E25HR","10","A",NA,63,0,63,300
12.5,"25","30","FALSE","rotifer","E25NR","10","B",NA,62,0,62,300
12.5,"30","30","FALSE","rotifer","E30HR","10","C",NA,46,0,46,300
12.5,"30","25","FALSE","rotifer","E30NR","10","D",NA,64,0,64,300
12.5,"25","25","TRUE","rotifer","E25HRP","10","G",NA,45,0,45,300
12.5,"25","30","TRUE","rotifer","E25NRP","10","H",NA,63,0,63,300
12.5,"30","30","TRUE","rotifer","E30HRP","10","I",NA,42,0,42,300
12.5,"30","25","TRUE","rotifer","E30NRP","10","J",NA,27,0,27,300
14.5,"25","25","FALSE","rotifer","E25HR","1","A",NA,42,0,42,348
14.5,"25","30","FALSE","rotifer","E25NR","1","B",NA,97,0,97,348
14.5,"30","30","FALSE","rotifer","E30HR","1","C",NA,78,0,78,348
14.5,"30","25","FALSE","rotifer","E30NR","1","D",NA,53,0,53,348
14.5,"25","25","TRUE","rotifer","E25HRP","1","G",NA,50,0,50,348
14.5,"25","30","TRUE","rotifer","E25NRP","1","H",NA,55,0,55,348
14.5,"30","30","TRUE","rotifer","E30HRP","1","I",NA,41,0,41,348
14.5,"30","25","TRUE","rotifer","E30NRP","1","J",NA,33,0,33,348
14.5,"25","25","FALSE","rotifer","E25HR","2","A",NA,57,0,57,348
14.5,"25","30","FALSE","rotifer","E25NR","2","B",NA,87,0,87,348
14.5,"30","30","FALSE","rotifer","E30HR","2","C",NA,55,0,55,348
14.5,"30","25","FALSE","rotifer","E30NR","2","D",NA,51,0,51,348
14.5,"25","25","TRUE","rotifer","E25HRP","2","G",NA,34,0,34,348
14.5,"25","30","TRUE","rotifer","E25NRP","2","H",NA,52,0,52,348
14.5,"30","30","TRUE","rotifer","E30HRP","2","I",NA,45,0,45,348
14.5,"30","25","TRUE","rotifer","E30NRP","2","J",NA,31,0,31,348
14.5,"25","25","FALSE","rotifer","E25HR","3","A",NA,72,0,72,348
14.5,"25","30","FALSE","rotifer","E25NR","3","B",NA,84,0,84,348
14.5,"30","30","FALSE","rotifer","E30HR","3","C",NA,71,0,71,348
14.5,"30","25","FALSE","rotifer","E30NR","3","D",NA,64,0,64,348
14.5,"25","25","TRUE","rotifer","E25HRP","3","G",NA,48,0,48,348
14.5,"25","30","TRUE","rotifer","E25NRP","3","H",NA,38,0,38,348
14.5,"30","30","TRUE","rotifer","E30HRP","3","I",NA,44,0,44,348
14.5,"30","25","TRUE","rotifer","E30NRP","3","J",NA,48,0,48,348
14.5,"25","25","FALSE","rotifer","E25HR","4","A",NA,68,0,68,348
14.5,"25","30","FALSE","rotifer","E25NR","4","B",NA,82,0,82,348
14.5,"30","30","FALSE","rotifer","E30HR","4","C",NA,59,0,59,348
14.5,"30","25","FALSE","rotifer","E30NR","4","D",NA,61,0,61,348
14.5,"25","25","TRUE","rotifer","E25HRP","4","G",NA,64,0,64,348
14.5,"25","30","TRUE","rotifer","E25NRP","4","H",NA,60,0,60,348
14.5,"30","30","TRUE","rotifer","E30HRP","4","I",NA,54,0,54,348
14.5,"30","25","TRUE","rotifer","E30NRP","4","J",NA,49,0,49,348
14.5,"25","25","FALSE","rotifer","E25HR","5","A",NA,66,0,66,348
14.5,"25","30","FALSE","rotifer","E25NR","5","B",NA,91,0,91,348
14.5,"30","30","FALSE","rotifer","E30HR","5","C",NA,79,0,79,348
14.5,"30","25","FALSE","rotifer","E30NR","5","D",NA,83,0,83,348
14.5,"25","25","TRUE","rotifer","E25HRP","5","G",NA,45,0,45,348
14.5,"25","30","TRUE","rotifer","E25NRP","5","H",NA,72,0,72,348
14.5,"30","30","TRUE","rotifer","E30HRP","5","I",NA,65,0,65,348
14.5,"30","25","TRUE","rotifer","E30NRP","5","J",NA,47,0,47,348
14.5,"25","25","FALSE","rotifer","E25HR","6","A",NA,77,0,77,348
14.5,"25","30","FALSE","rotifer","E25NR","6","B",NA,62,0,62,348
14.5,"30","30","FALSE","rotifer","E30HR","6","C",NA,62,0,62,348
14.5,"30","25","FALSE","rotifer","E30NR","6","D",NA,69,0,69,348
14.5,"25","25","TRUE","rotifer","E25HRP","6","G",NA,53,0,53,348
14.5,"25","30","TRUE","rotifer","E25NRP","6","H",NA,63,0,63,348
14.5,"30","30","TRUE","rotifer","E30HRP","6","I",NA,37,0,37,348
14.5,"30","25","TRUE","rotifer","E30NRP","6","J",NA,31,0,31,348
14.5,"25","25","FALSE","rotifer","E25HR","7","A",NA,71,0,71,348
14.5,"25","30","FALSE","rotifer","E25NR","7","B",NA,78,0,78,348
14.5,"30","30","FALSE","rotifer","E30HR","7","C",NA,63,0,63,348
14.5,"30","25","FALSE","rotifer","E30NR","7","D",NA,58,0,58,348
14.5,"25","25","TRUE","rotifer","E25HRP","7","G",NA,63,0,63,348
14.5,"25","30","TRUE","rotifer","E25NRP","7","H",NA,63,0,63,348
14.5,"30","30","TRUE","rotifer","E30HRP","7","I",NA,54,0,54,348
14.5,"30","25","TRUE","rotifer","E30NRP","7","J",NA,49,0,49,348
14.5,"25","25","FALSE","rotifer","E25HR","8","A",NA,32,0,32,348
14.5,"25","30","FALSE","rotifer","E25NR","8","B",NA,70,0,70,348
14.5,"30","30","FALSE","rotifer","E30HR","8","C",NA,64,0,64,348
14.5,"30","25","FALSE","rotifer","E30NR","8","D",NA,42,0,42,348
14.5,"25","25","TRUE","rotifer","E25HRP","8","G",NA,50,0,50,348
14.5,"25","30","TRUE","rotifer","E25NRP","8","H",NA,50,0,50,348
14.5,"30","30","TRUE","rotifer","E30HRP","8","I",NA,44,0,44,348
14.5,"30","25","TRUE","rotifer","E30NRP","8","J",NA,33,0,33,348
14.5,"25","25","FALSE","rotifer","E25HR","9","A",NA,80,0,80,348
14.5,"25","30","FALSE","rotifer","E25NR","9","B",NA,78,0,78,348
14.5,"30","30","FALSE","rotifer","E30HR","9","C",NA,68,0,68,348
14.5,"30","25","FALSE","rotifer","E30NR","9","D",NA,46,0,46,348
14.5,"25","25","TRUE","rotifer","E25HRP","9","G",NA,42,0,42,348
14.5,"25","30","TRUE","rotifer","E25NRP","9","H",NA,65,0,65,348
14.5,"30","30","TRUE","rotifer","E30HRP","9","I",NA,31,0,31,348
14.5,"30","25","TRUE","rotifer","E30NRP","9","J",NA,45,0,45,348
14.5,"25","25","FALSE","rotifer","E25HR","10","A",NA,53,0,53,348
14.5,"25","30","FALSE","rotifer","E25NR","10","B",NA,70,0,70,348
14.5,"30","30","FALSE","rotifer","E30HR","10","C",NA,59,0,59,348
14.5,"30","25","FALSE","rotifer","E30NR","10","D",NA,69,0,69,348
14.5,"25","25","TRUE","rotifer","E25HRP","10","G",NA,43,0,43,348
14.5,"25","30","TRUE","rotifer","E25NRP","10","H",NA,67,0,67,348
14.5,"30","30","TRUE","rotifer","E30HRP","10","I",NA,47,0,47,348
14.5,"30","25","TRUE","rotifer","E30NRP","10","J",NA,42,0,42,348
21.5,"25","25","FALSE","rotifer","E25HR","1","A",NA,79,0,79,516
21.5,"25","30","FALSE","rotifer","E25NR","1","B",NA,86,0,86,516
21.5,"30","30","FALSE","rotifer","E30HR","1","C",NA,73,0,73,516
21.5,"30","25","FALSE","rotifer","E30NR","1","D",NA,61,0,61,516
21.5,"25","25","TRUE","rotifer","E25HRP","1","G",NA,49,0,49,516
21.5,"25","30","TRUE","rotifer","E25NRP","1","H",NA,58,0,58,516
21.5,"30","30","TRUE","rotifer","E30HRP","1","I",NA,50,0,50,516
21.5,"30","25","TRUE","rotifer","E30NRP","1","J",NA,55,0,55,516
21.5,"25","25","FALSE","rotifer","E25HR","2","A",NA,58,0,58,516
21.5,"25","30","FALSE","rotifer","E25NR","2","B",NA,86,0,86,516
21.5,"30","30","FALSE","rotifer","E30HR","2","C",NA,65,0,65,516
21.5,"30","25","FALSE","rotifer","E30NR","2","D",NA,52,0,52,516
21.5,"25","25","TRUE","rotifer","E25HRP","2","G",NA,57,0,57,516
21.5,"25","30","TRUE","rotifer","E25NRP","2","H",NA,53,0,53,516
21.5,"30","30","TRUE","rotifer","E30HRP","2","I",NA,39,0,39,516
21.5,"30","25","TRUE","rotifer","E30NRP","2","J",NA,36,0,36,516
21.5,"25","25","FALSE","rotifer","E25HR","3","A",NA,65,0,65,516
21.5,"25","30","FALSE","rotifer","E25NR","3","B",NA,79,0,79,516
21.5,"30","30","FALSE","rotifer","E30HR","3","C",NA,93,0,93,516
21.5,"30","25","FALSE","rotifer","E30NR","3","D",NA,66,0,66,516
21.5,"25","25","TRUE","rotifer","E25HRP","3","G",NA,49,0,49,516
21.5,"25","30","TRUE","rotifer","E25NRP","3","H",NA,40,0,40,516
21.5,"30","30","TRUE","rotifer","E30HRP","3","I",NA,33,0,33,516
21.5,"30","25","TRUE","rotifer","E30NRP","3","J",NA,38,0,38,516
21.5,"25","25","FALSE","rotifer","E25HR","4","A",NA,57,0,57,516
21.5,"25","30","FALSE","rotifer","E25NR","4","B",NA,105,0,105,516
21.5,"30","30","FALSE","rotifer","E30HR","4","C",NA,68,0,68,516
21.5,"30","25","FALSE","rotifer","E30NR","4","D",NA,57,0,57,516
21.5,"25","25","TRUE","rotifer","E25HRP","4","G",NA,43,0,43,516
21.5,"25","30","TRUE","rotifer","E25NRP","4","H",NA,51,0,51,516
21.5,"30","30","TRUE","rotifer","E30HRP","4","I",NA,50,0,50,516
21.5,"30","25","TRUE","rotifer","E30NRP","4","J",NA,51,0,51,516
21.5,"25","25","FALSE","rotifer","E25HR","5","A",NA,57,0,57,516
21.5,"25","30","FALSE","rotifer","E25NR","5","B",NA,75,0,75,516
21.5,"30","30","FALSE","rotifer","E30HR","5","C",NA,83,0,83,516
21.5,"30","25","FALSE","rotifer","E30NR","5","D",NA,70,0,70,516
21.5,"25","25","TRUE","rotifer","E25HRP","5","G",NA,59,0,59,516
21.5,"25","30","TRUE","rotifer","E25NRP","5","H",NA,69,0,69,516
21.5,"30","30","TRUE","rotifer","E30HRP","5","I",NA,65,0,65,516
21.5,"30","25","TRUE","rotifer","E30NRP","5","J",NA,57,0,57,516
21.5,"25","25","FALSE","rotifer","E25HR","6","A",NA,76,0,76,516
21.5,"25","30","FALSE","rotifer","E25NR","6","B",NA,68,0,68,516
21.5,"30","30","FALSE","rotifer","E30HR","6","C",NA,80,0,80,516
21.5,"30","25","FALSE","rotifer","E30NR","6","D",NA,64,0,64,516
21.5,"25","25","TRUE","rotifer","E25HRP","6","G",NA,48,0,48,516
21.5,"25","30","TRUE","rotifer","E25NRP","6","H",NA,57,0,57,516
21.5,"30","30","TRUE","rotifer","E30HRP","6","I",NA,47,0,47,516
21.5,"30","25","TRUE","rotifer","E30NRP","6","J",NA,38,0,38,516
21.5,"25","25","FALSE","rotifer","E25HR","7","A",NA,61,0,61,516
21.5,"25","30","FALSE","rotifer","E25NR","7","B",NA,67,0,67,516
21.5,"30","30","FALSE","rotifer","E30HR","7","C",NA,71,0,71,516
21.5,"30","25","FALSE","rotifer","E30NR","7","D",NA,60,0,60,516
21.5,"25","25","TRUE","rotifer","E25HRP","7","G",NA,42,0,42,516
21.5,"25","30","TRUE","rotifer","E25NRP","7","H",NA,76,0,76,516
21.5,"30","30","TRUE","rotifer","E30HRP","7","I",NA,42,0,42,516
21.5,"30","25","TRUE","rotifer","E30NRP","7","J",NA,56,0,56,516
21.5,"25","25","FALSE","rotifer","E25HR","8","A",NA,53,0,53,516
21.5,"25","30","FALSE","rotifer","E25NR","8","B",NA,73,0,73,516
21.5,"30","30","FALSE","rotifer","E30HR","8","C",NA,64,0,64,516
21.5,"30","25","FALSE","rotifer","E30NR","8","D",NA,47,0,47,516
21.5,"25","25","TRUE","rotifer","E25HRP","8","G",NA,42,0,42,516
21.5,"25","30","TRUE","rotifer","E25NRP","8","H",NA,56,0,56,516
21.5,"30","30","TRUE","rotifer","E30HRP","8","I",NA,36,0,36,516
21.5,"30","25","TRUE","rotifer","E30NRP","8","J",NA,25,0,25,516
21.5,"25","25","FALSE","rotifer","E25HR","9","A",NA,77,0,77,516
21.5,"25","30","FALSE","rotifer","E25NR","9","B",NA,74,0,74,516
21.5,"30","30","FALSE","rotifer","E30HR","9","C",NA,70,0,70,516
21.5,"30","25","FALSE","rotifer","E30NR","9","D",NA,41,0,41,516
21.5,"25","25","TRUE","rotifer","E25HRP","9","G",NA,33,0,33,516
21.5,"25","30","TRUE","rotifer","E25NRP","9","H",NA,55,0,55,516
21.5,"30","30","TRUE","rotifer","E30HRP","9","I",NA,47,0,47,516
21.5,"30","25","TRUE","rotifer","E30NRP","9","J",NA,50,0,50,516
21.5,"25","25","FALSE","rotifer","E25HR","10","A",NA,58,0,58,516
21.5,"25","30","FALSE","rotifer","E25NR","10","B",NA,61,0,61,516
21.5,"30","30","FALSE","rotifer","E30HR","10","C",NA,56,0,56,516
21.5,"30","25","FALSE","rotifer","E30NR","10","D",NA,57,0,57,516
21.5,"25","25","TRUE","rotifer","E25HRP","10","G",NA,55,0,55,516
21.5,"25","30","TRUE","rotifer","E25NRP","10","H",NA,55,0,55,516
21.5,"30","30","TRUE","rotifer","E30HRP","10","I",NA,49,0,49,516
21.5,"30","25","TRUE","rotifer","E30NRP","10","J",NA,51,0,51,516
