Site,Leaf,Clone,Treatment,ID,Day,Count
Crystal,1,1,25C,C23_1_1,3,0
Crystal,1,1,25C,C23_1_2,3,1
Crystal,1,1,25C,C23_1_3,3,1
Crystal,1,1,30C,C23_1_4,3,0
Crystal,1,1,30C,C23_1_5,3,0
Crystal,1,1,30C,C23_1_6,3,0
Crystal,1,2,25C,C23_2_1,3,0
Crystal,1,2,25C,C23_2_2,3,0
Crystal,1,2,25C,C23_2_3,3,0
Crystal,1,2,30C,C23_2_4,3,0
Crystal,1,2,30C,C23_2_5,3,0
Crystal,1,2,30C,C23_2_6,3,0
Crystal,2,3,25C,C7_17_1,3,1
Crystal,2,3,25C,C7_17_2,3,1
Crystal,2,3,25C,C7_17_3,3,0
Crystal,2,3,30C,C7_17_4,3,0
Crystal,2,3,30C,C7_17_5,3,1
Crystal,2,3,30C,C7_17_6,3,0
Crystal,2,4,25C,C7_18_1,3,0
Crystal,2,4,25C,C7_18_2,3,1
Crystal,2,4,25C,C7_18_3,3,0
Crystal,2,4,30C,C7_18_4,3,0
Crystal,2,4,30C,C7_18_5,3,0
Crystal,2,4,30C,C7_18_6,3,2
Crystal,2,5,25C,C7_19_1,3,0
Crystal,2,5,25C,C7_19_2,3,1
Crystal,2,5,25C,C7_19_3,3,0
Crystal,2,5,30C,C7_19_4,3,1
Crystal,2,5,30C,C7_19_5,3,0
Crystal,2,5,30C,C7_19_6,3,1
Crystal,3,6,25C,C36_72_1,3,0
Crystal,3,6,25C,C36_72_2,3,0
Crystal,3,6,25C,C36_72_3,3,0
Crystal,3,6,30C,C36_72_4,3,1
Crystal,3,6,30C,C36_72_5,3,0
Crystal,3,6,30C,C36_72_6,3,1
Crystal,3,7,25C,C36_73_1,3,0
Crystal,3,7,25C,C36_73_2,3,0
Crystal,3,7,25C,C36_73_3,3,0
Crystal,3,7,30C,C36_73_4,3,0
Crystal,3,7,30C,C36_73_5,3,0
Crystal,3,7,30C,C36_73_6,3,1
Crystal,3,8,25C,C36_74_1,3,0
Crystal,3,8,25C,C36_74_2,3,1
Crystal,3,8,25C,C36_74_3,3,1
Crystal,3,8,30C,C36_74_4,3,1
Crystal,3,8,30C,C36_74_5,3,0
Crystal,3,8,30C,C36_74_6,3,0
Pleaphase,4,9,25C,P36_39_1,3,1
Pleaphase,4,9,25C,P36_39_2,3,0
Pleaphase,4,9,25C,P36_39_3,3,0
Pleaphase,4,9,30C,P36_39_4,3,1
Pleaphase,4,9,30C,P36_39_5,3,0
Pleaphase,4,9,30C,P36_39_6,3,0
Pleaphase,4,10,25C,P36_40_1,3,0
Pleaphase,4,10,25C,P36_40_2,3,0
Pleaphase,4,10,25C,P36_40_3,3,1
Pleaphase,4,10,30C,P36_40_4,3,0
Pleaphase,4,10,30C,P36_40_5,3,0
Pleaphase,4,10,30C,P36_40_6,3,0
Pleaphase,4,11,25C,P36_42_1,3,0
Pleaphase,4,11,25C,P36_42_2,3,0
Pleaphase,4,11,25C,P36_42_3,3,1
Pleaphase,4,11,30C,P36_42_4,3,0
Pleaphase,4,11,30C,P36_42_5,3,0
Pleaphase,4,11,30C,P36_42_6,3,0
Pleaphase,5,12,25C,P24_75_1,3,0
Pleaphase,5,12,25C,P24_75_2,3,0
Pleaphase,5,12,25C,P24_75_3,3,2
Pleaphase,5,12,30C,P24_75_4,3,0
Pleaphase,5,12,30C,P24_75_5,3,0
Pleaphase,5,12,30C,P24_75_6,3,0
Pleaphase,5,13,25C,P24_26_1,3,0
Pleaphase,5,13,25C,P24_26_2,3,0
Pleaphase,5,13,25C,P24_26_3,3,0
Pleaphase,5,13,30C,P24_26_4,3,0
Pleaphase,5,13,30C,P24_26_5,3,1
Pleaphase,5,13,30C,P24_26_6,3,1
Pleaphase,5,14,25C,P24_25_1,3,0
Pleaphase,5,14,25C,P24_25_2,3,1
Pleaphase,5,14,25C,P24_25_3,3,1
Pleaphase,5,14,30C,P24_25_4,3,4
Pleaphase,5,14,30C,P24_25_5,3,2
Pleaphase,5,14,30C,P24_25_6,3,2
Pleaphase,6,15,25C,P3_35_1,3,1
Pleaphase,6,15,25C,P3_35_2,3,1
Pleaphase,6,15,25C,P3_35_3,3,0
Pleaphase,6,15,30C,P3_35_4,3,0
Pleaphase,6,15,30C,P3_35_5,3,0
Pleaphase,6,15,30C,P3_35_6,3,1
Pleaphase,6,16,25C,P3_36_1,3,1
Pleaphase,6,16,25C,P3_36_2,3,0
Pleaphase,6,16,25C,P3_36_3,3,0
Pleaphase,6,16,30C,P3_36_4,3,1
Pleaphase,6,16,30C,P3_36_5,3,2
Pleaphase,6,16,30C,P3_36_6,3,0
Pleaphase,6,17,25C,P3_37_1,3,0
Pleaphase,6,17,25C,P3_37_2,3,1
Pleaphase,6,17,25C,P3_37_3,3,0
Pleaphase,6,17,30C,P3_37_4,3,0
Pleaphase,6,17,30C,P3_37_5,3,0
Pleaphase,6,17,30C,P3_37_6,3,1
Crystal,1,1,25C,C23_1_1,6,3
Crystal,1,1,25C,C23_1_2,6,0
Crystal,1,1,25C,C23_1_3,6,0
Crystal,1,1,30C,C23_1_4,6,0
Crystal,1,1,30C,C23_1_5,6,1
Crystal,1,1,30C,C23_1_6,6,0
Crystal,1,2,25C,C23_2_1,6,4
Crystal,1,2,25C,C23_2_2,6,2
Crystal,1,2,25C,C23_2_3,6,1
Crystal,1,2,30C,C23_2_4,6,2
Crystal,1,2,30C,C23_2_5,6,7
Crystal,1,2,30C,C23_2_6,6,0
Crystal,2,3,25C,C7_17_1,6,3
Crystal,2,3,25C,C7_17_2,6,5
Crystal,2,3,25C,C7_17_3,6,3
Crystal,2,3,30C,C7_17_4,6,2
Crystal,2,3,30C,C7_17_5,6,1
Crystal,2,3,30C,C7_17_6,6,3
Crystal,2,4,25C,C7_18_1,6,2
Crystal,2,4,25C,C7_18_2,6,1
Crystal,2,4,25C,C7_18_3,6,2
Crystal,2,4,30C,C7_18_4,6,8
Crystal,2,4,30C,C7_18_5,6,5
Crystal,2,4,30C,C7_18_6,6,4
Crystal,2,5,25C,C7_19_1,6,1
Crystal,2,5,25C,C7_19_2,6,0
Crystal,2,5,25C,C7_19_3,6,3
Crystal,2,5,30C,C7_19_4,6,2
Crystal,2,5,30C,C7_19_5,6,3
Crystal,2,5,30C,C7_19_6,6,6
Crystal,3,6,25C,C36_72_1,6,1
Crystal,3,6,25C,C36_72_2,6,2
Crystal,3,6,25C,C36_72_3,6,0
Crystal,3,6,30C,C36_72_4,6,3
Crystal,3,6,30C,C36_72_5,6,1
Crystal,3,6,30C,C36_72_6,6,3
Crystal,3,7,25C,C36_73_1,6,0
Crystal,3,7,25C,C36_73_2,6,2
Crystal,3,7,25C,C36_73_3,6,1
Crystal,3,7,30C,C36_73_4,6,0
Crystal,3,7,30C,C36_73_5,6,1
Crystal,3,7,30C,C36_73_6,6,0
Crystal,3,8,25C,C36_74_1,6,2
Crystal,3,8,25C,C36_74_2,6,0
Crystal,3,8,25C,C36_74_3,6,0
Crystal,3,8,30C,C36_74_4,6,6
Crystal,3,8,30C,C36_74_5,6,9
Crystal,3,8,30C,C36_74_6,6,2
Pleaphase,4,9,25C,P36_39_1,6,3
Pleaphase,4,9,25C,P36_39_2,6,1
Pleaphase,4,9,25C,P36_39_3,6,0
Pleaphase,4,9,30C,P36_39_4,6,2
Pleaphase,4,9,30C,P36_39_5,6,3
Pleaphase,4,9,30C,P36_39_6,6,4
Pleaphase,4,10,25C,P36_40_1,6,0
Pleaphase,4,10,25C,P36_40_2,6,0
Pleaphase,4,10,25C,P36_40_3,6,3
Pleaphase,4,10,30C,P36_40_4,6,1
Pleaphase,4,10,30C,P36_40_5,6,1
Pleaphase,4,10,30C,P36_40_6,6,2
Pleaphase,4,11,25C,P36_42_1,6,2
Pleaphase,4,11,25C,P36_42_2,6,0
Pleaphase,4,11,25C,P36_42_3,6,1
Pleaphase,4,11,30C,P36_42_4,6,0
Pleaphase,4,11,30C,P36_42_5,6,2
Pleaphase,4,11,30C,P36_42_6,6,6
Pleaphase,5,12,25C,P24_75_1,6,5
Pleaphase,5,12,25C,P24_75_2,6,1
Pleaphase,5,12,25C,P24_75_3,6,3
Pleaphase,5,12,30C,P24_75_4,6,3
Pleaphase,5,12,30C,P24_75_5,6,2
Pleaphase,5,12,30C,P24_75_6,6,2
Pleaphase,5,13,25C,P24_26_1,6,4
Pleaphase,5,13,25C,P24_26_2,6,1
Pleaphase,5,13,25C,P24_26_3,6,2
Pleaphase,5,13,30C,P24_26_4,6,7
Pleaphase,5,13,30C,P24_26_5,6,5
Pleaphase,5,13,30C,P24_26_6,6,2
Pleaphase,5,14,25C,P24_25_1,6,2
Pleaphase,5,14,25C,P24_25_2,6,1
Pleaphase,5,14,25C,P24_25_3,6,2
Pleaphase,5,14,30C,P24_25_4,6,9
Pleaphase,5,14,30C,P24_25_5,6,6
Pleaphase,5,14,30C,P24_25_6,6,9
Pleaphase,6,15,25C,P3_35_1,6,0
Pleaphase,6,15,25C,P3_35_2,6,0
Pleaphase,6,15,25C,P3_35_3,6,0
Pleaphase,6,15,30C,P3_35_4,6,3
Pleaphase,6,15,30C,P3_35_5,6,3
Pleaphase,6,15,30C,P3_35_6,6,5
Pleaphase,6,16,25C,P3_36_1,6,0
Pleaphase,6,16,25C,P3_36_2,6,1
Pleaphase,6,16,25C,P3_36_3,6,0
Pleaphase,6,16,30C,P3_36_4,6,7
Pleaphase,6,16,30C,P3_36_5,6,7
Pleaphase,6,16,30C,P3_36_6,6,8
Pleaphase,6,17,25C,P3_37_1,6,2
Pleaphase,6,17,25C,P3_37_2,6,0
Pleaphase,6,17,25C,P3_37_3,6,0
Pleaphase,6,17,30C,P3_37_4,6,3
Pleaphase,6,17,30C,P3_37_5,6,3
Pleaphase,6,17,30C,P3_37_6,6,2
Crystal,1,1,25C,C23_1_1,9,5
Crystal,1,1,25C,C23_1_2,9,4
Crystal,1,1,25C,C23_1_3,9,0
Crystal,1,1,30C,C23_1_4,9,8
Crystal,1,1,30C,C23_1_5,9,16
Crystal,1,1,30C,C23_1_6,9,4
Crystal,1,2,25C,C23_2_1,9,2
Crystal,1,2,25C,C23_2_2,9,3
Crystal,1,2,25C,C23_2_3,9,6
Crystal,1,2,30C,C23_2_4,9,4
Crystal,1,2,30C,C23_2_5,9,12
Crystal,1,2,30C,C23_2_6,9,13
Crystal,2,3,25C,C7_17_1,9,7
Crystal,2,3,25C,C7_17_2,9,8
Crystal,2,3,25C,C7_17_3,9,3
Crystal,2,3,30C,C7_17_4,9,12
Crystal,2,3,30C,C7_17_5,9,11
Crystal,2,3,30C,C7_17_6,9,15
Crystal,2,4,25C,C7_18_1,9,2
Crystal,2,4,25C,C7_18_2,9,3
Crystal,2,4,25C,C7_18_3,9,3
Crystal,2,4,30C,C7_18_4,9,18
Crystal,2,4,30C,C7_18_5,9,4
Crystal,2,4,30C,C7_18_6,9,10
Crystal,2,5,25C,C7_19_1,9,3
Crystal,2,5,25C,C7_19_2,9,4
Crystal,2,5,25C,C7_19_3,9,4
Crystal,2,5,30C,C7_19_4,9,5
Crystal,2,5,30C,C7_19_5,9,12
Crystal,2,5,30C,C7_19_6,9,20
Crystal,3,6,25C,C36_72_1,9,6
Crystal,3,6,25C,C36_72_2,9,1
Crystal,3,6,25C,C36_72_3,9,4
Crystal,3,6,30C,C36_72_4,9,9
Crystal,3,6,30C,C36_72_5,9,13
Crystal,3,6,30C,C36_72_6,9,12
Crystal,3,7,25C,C36_73_1,9,0
Crystal,3,7,25C,C36_73_2,9,1
Crystal,3,7,25C,C36_73_3,9,1
Crystal,3,7,30C,C36_73_4,9,0
Crystal,3,7,30C,C36_73_5,9,0
Crystal,3,7,30C,C36_73_6,9,2
Crystal,3,8,25C,C36_74_1,9,1
Crystal,3,8,25C,C36_74_2,9,11
Crystal,3,8,25C,C36_74_3,9,4
Crystal,3,8,30C,C36_74_4,9,5
Crystal,3,8,30C,C36_74_5,9,21
Crystal,3,8,30C,C36_74_6,9,27
Pleaphase,4,9,25C,P36_39_1,9,2
Pleaphase,4,9,25C,P36_39_2,9,6
Pleaphase,4,9,25C,P36_39_3,9,2
Pleaphase,4,9,30C,P36_39_4,9,6
Pleaphase,4,9,30C,P36_39_5,9,13
Pleaphase,4,9,30C,P36_39_6,9,11
Pleaphase,4,10,25C,P36_40_1,9,1
Pleaphase,4,10,25C,P36_40_2,9,3
Pleaphase,4,10,25C,P36_40_3,9,2
Pleaphase,4,10,30C,P36_40_4,9,11
Pleaphase,4,10,30C,P36_40_5,9,4
Pleaphase,4,10,30C,P36_40_6,9,13
Pleaphase,4,11,25C,P36_42_1,9,2
Pleaphase,4,11,25C,P36_42_2,9,1
Pleaphase,4,11,25C,P36_42_3,9,0
Pleaphase,4,11,30C,P36_42_4,9,5
Pleaphase,4,11,30C,P36_42_5,9,7
Pleaphase,4,11,30C,P36_42_6,9,14
Pleaphase,5,12,25C,P24_75_1,9,11
Pleaphase,5,12,25C,P24_75_2,9,6
Pleaphase,5,12,25C,P24_75_3,9,2
Pleaphase,5,12,30C,P24_75_4,9,19
Pleaphase,5,12,30C,P24_75_5,9,9
Pleaphase,5,12,30C,P24_75_6,9,16
Pleaphase,5,13,25C,P24_26_1,9,2
Pleaphase,5,13,25C,P24_26_2,9,7
Pleaphase,5,13,25C,P24_26_3,9,4
Pleaphase,5,13,30C,P24_26_4,9,5
Pleaphase,5,13,30C,P24_26_5,9,10
Pleaphase,5,13,30C,P24_26_6,9,10
Pleaphase,5,14,25C,P24_25_1,9,11
Pleaphase,5,14,25C,P24_25_2,9,9
Pleaphase,5,14,25C,P24_25_3,9,15
Pleaphase,5,14,30C,P24_25_4,9,14
Pleaphase,5,14,30C,P24_25_5,9,10
Pleaphase,5,14,30C,P24_25_6,9,9
Pleaphase,6,15,25C,P3_35_1,9,4
Pleaphase,6,15,25C,P3_35_2,9,4
Pleaphase,6,15,25C,P3_35_3,9,4
Pleaphase,6,15,30C,P3_35_4,9,4
Pleaphase,6,15,30C,P3_35_5,9,9
Pleaphase,6,15,30C,P3_35_6,9,4
Pleaphase,6,16,25C,P3_36_1,9,14
Pleaphase,6,16,25C,P3_36_2,9,8
Pleaphase,6,16,25C,P3_36_3,9,7
Pleaphase,6,16,30C,P3_36_4,9,12
Pleaphase,6,16,30C,P3_36_5,9,5
Pleaphase,6,16,30C,P3_36_6,9,18
Pleaphase,6,17,25C,P3_37_1,9,3
Pleaphase,6,17,25C,P3_37_2,9,3
Pleaphase,6,17,25C,P3_37_3,9,3
Pleaphase,6,17,30C,P3_37_4,9,6
Pleaphase,6,17,30C,P3_37_5,9,10
Pleaphase,6,17,30C,P3_37_6,9,7
Crystal,1,1,25C,C23_1_1,12,7
Crystal,1,1,25C,C23_1_2,12,6
Crystal,1,1,25C,C23_1_3,12,3
Crystal,1,1,30C,C23_1_4,12,20
Crystal,1,1,30C,C23_1_5,12,13
Crystal,1,1,30C,C23_1_6,12,11
Crystal,1,2,25C,C23_2_1,12,0
Crystal,1,2,25C,C23_2_2,12,3
Crystal,1,2,25C,C23_2_3,12,0
Crystal,1,2,30C,C23_2_4,12,33
Crystal,1,2,30C,C23_2_5,12,5
Crystal,1,2,30C,C23_2_6,12,17
Crystal,2,3,25C,C7_17_1,12,5
Crystal,2,3,25C,C7_17_2,12,8
Crystal,2,3,25C,C7_17_3,12,4
Crystal,2,3,30C,C7_17_4,12,22
Crystal,2,3,30C,C7_17_5,12,27
Crystal,2,3,30C,C7_17_6,12,27
Crystal,2,4,25C,C7_18_1,12,3
Crystal,2,4,25C,C7_18_2,12,5
Crystal,2,4,25C,C7_18_3,12,11
Crystal,2,4,30C,C7_18_4,12,23
Crystal,2,4,30C,C7_18_5,12,21
Crystal,2,4,30C,C7_18_6,12,15
Crystal,2,5,25C,C7_19_1,12,1
Crystal,2,5,25C,C7_19_2,12,5
Crystal,2,5,25C,C7_19_3,12,6
Crystal,2,5,30C,C7_19_4,12,26
Crystal,2,5,30C,C7_19_5,12,21
Crystal,2,5,30C,C7_19_6,12,25
Crystal,3,6,25C,C36_72_1,12,0
Crystal,3,6,25C,C36_72_2,12,3
Crystal,3,6,25C,C36_72_3,12,9
Crystal,3,6,30C,C36_72_4,12,11
Crystal,3,6,30C,C36_72_5,12,22
Crystal,3,6,30C,C36_72_6,12,25
Crystal,3,7,25C,C36_73_1,12,0
Crystal,3,7,25C,C36_73_2,12,3
Crystal,3,7,25C,C36_73_3,12,0
Crystal,3,7,30C,C36_73_4,12,1
Crystal,3,7,30C,C36_73_5,12,1
Crystal,3,7,30C,C36_73_6,12,14
Crystal,3,8,25C,C36_74_1,12,18
Crystal,3,8,25C,C36_74_2,12,12
Crystal,3,8,25C,C36_74_3,12,3
Crystal,3,8,30C,C36_74_4,12,35
Crystal,3,8,30C,C36_74_5,12,27
Crystal,3,8,30C,C36_74_6,12,22
Pleaphase,4,9,25C,P36_39_1,12,3
Pleaphase,4,9,25C,P36_39_2,12,4
Pleaphase,4,9,25C,P36_39_3,12,8
Pleaphase,4,9,30C,P36_39_4,12,17
Pleaphase,4,9,30C,P36_39_5,12,25
Pleaphase,4,9,30C,P36_39_6,12,12
Pleaphase,4,10,25C,P36_40_1,12,3
Pleaphase,4,10,25C,P36_40_2,12,6
Pleaphase,4,10,25C,P36_40_3,12,4
Pleaphase,4,10,30C,P36_40_4,12,22
Pleaphase,4,10,30C,P36_40_5,12,23
Pleaphase,4,10,30C,P36_40_6,12,13
Pleaphase,4,11,25C,P36_42_1,12,0
Pleaphase,4,11,25C,P36_42_2,12,6
Pleaphase,4,11,25C,P36_42_3,12,6
Pleaphase,4,11,30C,P36_42_4,12,18
Pleaphase,4,11,30C,P36_42_5,12,11
Pleaphase,4,11,30C,P36_42_6,12,11
Pleaphase,5,12,25C,P24_75_1,12,5
Pleaphase,5,12,25C,P24_75_2,12,5
Pleaphase,5,12,25C,P24_75_3,12,16
Pleaphase,5,12,30C,P24_75_4,12,70
Pleaphase,5,12,30C,P24_75_5,12,37
Pleaphase,5,12,30C,P24_75_6,12,26
Pleaphase,5,13,25C,P24_26_1,12,2
Pleaphase,5,13,25C,P24_26_2,12,2
Pleaphase,5,13,25C,P24_26_3,12,5
Pleaphase,5,13,30C,P24_26_4,12,31
Pleaphase,5,13,30C,P24_26_5,12,21
Pleaphase,5,13,30C,P24_26_6,12,45
Pleaphase,5,14,25C,P24_25_1,12,19
Pleaphase,5,14,25C,P24_25_2,12,7
Pleaphase,5,14,25C,P24_25_3,12,9
Pleaphase,5,14,30C,P24_25_4,12,14
Pleaphase,5,14,30C,P24_25_5,12,10
Pleaphase,5,14,30C,P24_25_6,12,35
Pleaphase,6,15,25C,P3_35_1,12,3
Pleaphase,6,15,25C,P3_35_2,12,6
Pleaphase,6,15,25C,P3_35_3,12,7
Pleaphase,6,15,30C,P3_35_4,12,8
Pleaphase,6,15,30C,P3_35_5,12,12
Pleaphase,6,15,30C,P3_35_6,12,17
Pleaphase,6,16,25C,P3_36_1,12,9
Pleaphase,6,16,25C,P3_36_2,12,19
Pleaphase,6,16,25C,P3_36_3,12,8
Pleaphase,6,16,30C,P3_36_4,12,23
Pleaphase,6,16,30C,P3_36_5,12,20
Pleaphase,6,16,30C,P3_36_6,12,13
Pleaphase,6,17,25C,P3_37_1,12,1
Pleaphase,6,17,25C,P3_37_2,12,8
Pleaphase,6,17,25C,P3_37_3,12,4
Pleaphase,6,17,30C,P3_37_4,12,31
Pleaphase,6,17,30C,P3_37_5,12,17
Pleaphase,6,17,30C,P3_37_6,12,14
Crystal,1,1,25C,C23_1_1,15,13
Crystal,1,1,25C,C23_1_2,15,9
Crystal,1,1,25C,C23_1_3,15,30
Crystal,1,1,30C,C23_1_4,15,29
Crystal,1,1,30C,C23_1_5,15,41
Crystal,1,1,30C,C23_1_6,15,16
Crystal,1,2,25C,C23_2_1,15,12
Crystal,1,2,25C,C23_2_2,15,9
Crystal,1,2,25C,C23_2_3,15,6
Crystal,1,2,30C,C23_2_4,15,17
Crystal,1,2,30C,C23_2_5,15,25
Crystal,1,2,30C,C23_2_6,15,25
Crystal,2,3,25C,C7_17_1,15,31
Crystal,2,3,25C,C7_17_2,15,15
Crystal,2,3,25C,C7_17_3,15,12
Crystal,2,3,30C,C7_17_4,15,33
Crystal,2,3,30C,C7_17_5,15,27
Crystal,2,3,30C,C7_17_6,15,32
Crystal,2,4,25C,C7_18_1,15,15
Crystal,2,4,25C,C7_18_2,15,11
Crystal,2,4,25C,C7_18_3,15,13
Crystal,2,4,30C,C7_18_4,15,37
Crystal,2,4,30C,C7_18_5,15,20
Crystal,2,4,30C,C7_18_6,15,18
Crystal,2,5,25C,C7_19_1,15,13
Crystal,2,5,25C,C7_19_2,15,20
Crystal,2,5,25C,C7_19_3,15,18
Crystal,2,5,30C,C7_19_4,15,39
Crystal,2,5,30C,C7_19_5,15,46
Crystal,2,5,30C,C7_19_6,15,35
Crystal,3,6,25C,C36_72_1,15,16
Crystal,3,6,25C,C36_72_2,15,14
Crystal,3,6,25C,C36_72_3,15,13
Crystal,3,6,30C,C36_72_4,15,22
Crystal,3,6,30C,C36_72_5,15,11
Crystal,3,6,30C,C36_72_6,15,15
Crystal,3,7,25C,C36_73_1,15,5
Crystal,3,7,25C,C36_73_2,15,3
Crystal,3,7,25C,C36_73_3,15,2
Crystal,3,7,30C,C36_73_4,15,8
Crystal,3,7,30C,C36_73_5,15,4
Crystal,3,7,30C,C36_73_6,15,21
Crystal,3,8,25C,C36_74_1,15,10
Crystal,3,8,25C,C36_74_2,15,15
Crystal,3,8,25C,C36_74_3,15,18
Crystal,3,8,30C,C36_74_4,15,38
Crystal,3,8,30C,C36_74_5,15,49
Crystal,3,8,30C,C36_74_6,15,29
Pleaphase,4,9,25C,P36_39_1,15,10
Pleaphase,4,9,25C,P36_39_2,15,20
Pleaphase,4,9,25C,P36_39_3,15,16
Pleaphase,4,9,30C,P36_39_4,15,21
Pleaphase,4,9,30C,P36_39_5,15,11
Pleaphase,4,9,30C,P36_39_6,15,35
Pleaphase,4,10,25C,P36_40_1,15,9
Pleaphase,4,10,25C,P36_40_2,15,14
Pleaphase,4,10,25C,P36_40_3,15,12
Pleaphase,4,10,30C,P36_40_4,15,27
Pleaphase,4,10,30C,P36_40_5,15,24
Pleaphase,4,10,30C,P36_40_6,15,32
Pleaphase,4,11,25C,P36_42_1,15,11
Pleaphase,4,11,25C,P36_42_2,15,17
Pleaphase,4,11,25C,P36_42_3,15,24
Pleaphase,4,11,30C,P36_42_4,15,17
Pleaphase,4,11,30C,P36_42_5,15,17
Pleaphase,4,11,30C,P36_42_6,15,23
Pleaphase,5,12,25C,P24_75_1,15,27
Pleaphase,5,12,25C,P24_75_2,15,24
Pleaphase,5,12,25C,P24_75_3,15,25
Pleaphase,5,12,30C,P24_75_4,15,64
Pleaphase,5,12,30C,P24_75_5,15,54
Pleaphase,5,12,30C,P24_75_6,15,40
Pleaphase,5,13,25C,P24_26_1,15,14
Pleaphase,5,13,25C,P24_26_2,15,14
Pleaphase,5,13,25C,P24_26_3,15,14
Pleaphase,5,13,30C,P24_26_4,15,34
Pleaphase,5,13,30C,P24_26_5,15,45
Pleaphase,5,13,30C,P24_26_6,15,28
Pleaphase,5,14,25C,P24_25_1,15,7
Pleaphase,5,14,25C,P24_25_2,15,10
Pleaphase,5,14,25C,P24_25_3,15,27
Pleaphase,5,14,30C,P24_25_4,15,35
Pleaphase,5,14,30C,P24_25_5,15,52
Pleaphase,5,14,30C,P24_25_6,15,25
Pleaphase,6,15,25C,P3_35_1,15,15
Pleaphase,6,15,25C,P3_35_2,15,15
Pleaphase,6,15,25C,P3_35_3,15,14
Pleaphase,6,15,30C,P3_35_4,15,13
Pleaphase,6,15,30C,P3_35_5,15,20
Pleaphase,6,15,30C,P3_35_6,15,30
Pleaphase,6,16,25C,P3_36_1,15,32
Pleaphase,6,16,25C,P3_36_2,15,35
Pleaphase,6,16,25C,P3_36_3,15,23
Pleaphase,6,16,30C,P3_36_4,15,59
Pleaphase,6,16,30C,P3_36_5,15,41
Pleaphase,6,16,30C,P3_36_6,15,85
Pleaphase,6,17,25C,P3_37_1,15,13
Pleaphase,6,17,25C,P3_37_2,15,22
Pleaphase,6,17,25C,P3_37_3,15,17
Pleaphase,6,17,30C,P3_37_4,15,46
Pleaphase,6,17,30C,P3_37_5,15,14
Pleaphase,6,17,30C,P3_37_6,15,47
Crystal,1,1,25C,C23_1_1,18,11
Crystal,1,1,25C,C23_1_2,18,23
Crystal,1,1,25C,C23_1_3,18,29
Crystal,1,1,30C,C23_1_4,18,27
Crystal,1,1,30C,C23_1_5,18,26
Crystal,1,1,30C,C23_1_6,18,26
Crystal,1,2,25C,C23_2_1,18,14
Crystal,1,2,25C,C23_2_2,18,25
Crystal,1,2,25C,C23_2_3,18,21
Crystal,1,2,30C,C23_2_4,18,18
Crystal,1,2,30C,C23_2_5,18,15
Crystal,1,2,30C,C23_2_6,18,20
Crystal,2,3,25C,C7_17_1,18,15
Crystal,2,3,25C,C7_17_2,18,47
Crystal,2,3,25C,C7_17_3,18,25
Crystal,2,3,30C,C7_17_4,18,40
Crystal,2,3,30C,C7_17_5,18,44
Crystal,2,3,30C,C7_17_6,18,22
Crystal,2,4,25C,C7_18_1,18,20
Crystal,2,4,25C,C7_18_2,18,18
Crystal,2,4,25C,C7_18_3,18,24
Crystal,2,4,30C,C7_18_4,18,49
Crystal,2,4,30C,C7_18_5,18,27
Crystal,2,4,30C,C7_18_6,18,10
Crystal,2,5,25C,C7_19_1,18,24
Crystal,2,5,25C,C7_19_2,18,26
Crystal,2,5,25C,C7_19_3,18,20
Crystal,2,5,30C,C7_19_4,18,25
Crystal,2,5,30C,C7_19_5,18,35
Crystal,2,5,30C,C7_19_6,18,27
Crystal,3,6,25C,C36_72_1,18,39
Crystal,3,6,25C,C36_72_2,18,16
Crystal,3,6,25C,C36_72_3,18,27
Crystal,3,6,30C,C36_72_4,18,27
Crystal,3,6,30C,C36_72_5,18,13
Crystal,3,6,30C,C36_72_6,18,16
Crystal,3,7,25C,C36_73_1,18,9
Crystal,3,7,25C,C36_73_2,18,13
Crystal,3,7,25C,C36_73_3,18,11
Crystal,3,7,30C,C36_73_4,18,17
Crystal,3,7,30C,C36_73_5,18,25
Crystal,3,7,30C,C36_73_6,18,52
Crystal,3,8,25C,C36_74_1,18,23
Crystal,3,8,25C,C36_74_2,18,29
Crystal,3,8,25C,C36_74_3,18,18
Crystal,3,8,30C,C36_74_4,18,24
Crystal,3,8,30C,C36_74_5,18,58
Crystal,3,8,30C,C36_74_6,18,38
Pleaphase,4,9,25C,P36_39_1,18,15
Pleaphase,4,9,25C,P36_39_2,18,19
Pleaphase,4,9,25C,P36_39_3,18,14
Pleaphase,4,9,30C,P36_39_4,18,24
Pleaphase,4,9,30C,P36_39_5,18,28
Pleaphase,4,9,30C,P36_39_6,18,46
Pleaphase,4,10,25C,P36_40_1,18,26
Pleaphase,4,10,25C,P36_40_2,18,12
Pleaphase,4,10,25C,P36_40_3,18,24
Pleaphase,4,10,30C,P36_40_4,18,26
Pleaphase,4,10,30C,P36_40_5,18,41
Pleaphase,4,10,30C,P36_40_6,18,36
Pleaphase,4,11,25C,P36_42_1,18,9
Pleaphase,4,11,25C,P36_42_2,18,25
Pleaphase,4,11,25C,P36_42_3,18,25
Pleaphase,4,11,30C,P36_42_4,18,31
Pleaphase,4,11,30C,P36_42_5,18,22
Pleaphase,4,11,30C,P36_42_6,18,16
Pleaphase,5,12,25C,P24_75_1,18,32
Pleaphase,5,12,25C,P24_75_2,18,25
Pleaphase,5,12,25C,P24_75_3,18,30
Pleaphase,5,12,30C,P24_75_4,18,23
Pleaphase,5,12,30C,P24_75_5,18,37
Pleaphase,5,12,30C,P24_75_6,18,54
Pleaphase,5,13,25C,P24_26_1,18,11
Pleaphase,5,13,25C,P24_26_2,18,33
Pleaphase,5,13,25C,P24_26_3,18,19
Pleaphase,5,13,30C,P24_26_4,18,39
Pleaphase,5,13,30C,P24_26_5,18,22
Pleaphase,5,13,30C,P24_26_6,18,28
Pleaphase,5,14,25C,P24_25_1,18,14
Pleaphase,5,14,25C,P24_25_2,18,29
Pleaphase,5,14,25C,P24_25_3,18,39
Pleaphase,5,14,30C,P24_25_4,18,38
Pleaphase,5,14,30C,P24_25_5,18,36
Pleaphase,5,14,30C,P24_25_6,18,17
Pleaphase,6,15,25C,P3_35_1,18,17
Pleaphase,6,15,25C,P3_35_2,18,23
Pleaphase,6,15,25C,P3_35_3,18,9
Pleaphase,6,15,30C,P3_35_4,18,21
Pleaphase,6,15,30C,P3_35_5,18,25
Pleaphase,6,15,30C,P3_35_6,18,14
Pleaphase,6,16,25C,P3_36_1,18,20
Pleaphase,6,16,25C,P3_36_2,18,23
Pleaphase,6,16,25C,P3_36_3,18,19
Pleaphase,6,16,30C,P3_36_4,18,16
Pleaphase,6,16,30C,P3_36_5,18,25
Pleaphase,6,16,30C,P3_36_6,18,35
Pleaphase,6,17,25C,P3_37_1,18,23
Pleaphase,6,17,25C,P3_37_2,18,20
Pleaphase,6,17,25C,P3_37_3,18,28
Pleaphase,6,17,30C,P3_37_4,18,45
Pleaphase,6,17,30C,P3_37_5,18,25
Pleaphase,6,17,30C,P3_37_6,18,9
Crystal,1,1,25C,C23_1_1,21,11
Crystal,1,1,25C,C23_1_2,21,16
Crystal,1,1,25C,C23_1_3,21,13
Crystal,1,1,30C,C23_1_4,21,3
Crystal,1,1,30C,C23_1_5,21,18
Crystal,1,1,30C,C23_1_6,21,34
Crystal,1,2,25C,C23_2_1,21,10
Crystal,1,2,25C,C23_2_2,21,11
Crystal,1,2,25C,C23_2_3,21,24
Crystal,1,2,30C,C23_2_4,21,43
Crystal,1,2,30C,C23_2_5,21,11
Crystal,1,2,30C,C23_2_6,21,23
Crystal,2,3,25C,C7_17_1,21,12
Crystal,2,3,25C,C7_17_2,21,26
Crystal,2,3,25C,C7_17_3,21,25
Crystal,2,3,30C,C7_17_4,21,41
Crystal,2,3,30C,C7_17_5,21,42
Crystal,2,3,30C,C7_17_6,21,32
Crystal,2,4,25C,C7_18_1,21,18
Crystal,2,4,25C,C7_18_2,21,15
Crystal,2,4,25C,C7_18_3,21,17
Crystal,2,4,30C,C7_18_4,21,32
Crystal,2,4,30C,C7_18_5,21,53
Crystal,2,4,30C,C7_18_6,21,7
Crystal,2,5,25C,C7_19_1,21,26
Crystal,2,5,25C,C7_19_2,21,20
Crystal,2,5,25C,C7_19_3,21,22
Crystal,2,5,30C,C7_19_4,21,70
Crystal,2,5,30C,C7_19_5,21,45
Crystal,2,5,30C,C7_19_6,21,37
Crystal,3,6,25C,C36_72_1,21,22
Crystal,3,6,25C,C36_72_2,21,13
Crystal,3,6,25C,C36_72_3,21,27
Crystal,3,6,30C,C36_72_4,21,53
Crystal,3,6,30C,C36_72_5,21,19
Crystal,3,6,30C,C36_72_6,21,40
Crystal,3,7,25C,C36_73_1,21,17
Crystal,3,7,25C,C36_73_2,21,16
Crystal,3,7,25C,C36_73_3,21,9
Crystal,3,7,30C,C36_73_4,21,66
Crystal,3,7,30C,C36_73_5,21,28
Crystal,3,7,30C,C36_73_6,21,28
Crystal,3,8,25C,C36_74_1,21,42
Crystal,3,8,25C,C36_74_2,21,58
Crystal,3,8,25C,C36_74_3,21,7
Crystal,3,8,30C,C36_74_4,21,27
Crystal,3,8,30C,C36_74_5,21,62
Crystal,3,8,30C,C36_74_6,21,80
Pleaphase,4,9,25C,P36_39_1,21,21
Pleaphase,4,9,25C,P36_39_2,21,17
Pleaphase,4,9,25C,P36_39_3,21,19
Pleaphase,4,9,30C,P36_39_4,21,16
Pleaphase,4,9,30C,P36_39_5,21,22
Pleaphase,4,9,30C,P36_39_6,21,11
Pleaphase,4,10,25C,P36_40_1,21,24
Pleaphase,4,10,25C,P36_40_2,21,8
Pleaphase,4,10,25C,P36_40_3,21,43
Pleaphase,4,10,30C,P36_40_4,21,18
Pleaphase,4,10,30C,P36_40_5,21,31
Pleaphase,4,10,30C,P36_40_6,21,26
Pleaphase,4,11,25C,P36_42_1,21,15
Pleaphase,4,11,25C,P36_42_2,21,28
Pleaphase,4,11,25C,P36_42_3,21,14
Pleaphase,4,11,30C,P36_42_4,21,29
Pleaphase,4,11,30C,P36_42_5,21,34
Pleaphase,4,11,30C,P36_42_6,21,21
Pleaphase,5,12,25C,P24_75_1,21,5
Pleaphase,5,12,25C,P24_75_2,21,27
Pleaphase,5,12,25C,P24_75_3,21,47
Pleaphase,5,12,30C,P24_75_4,21,41
Pleaphase,5,12,30C,P24_75_5,21,29
Pleaphase,5,12,30C,P24_75_6,21,29
Pleaphase,5,13,25C,P24_26_1,21,19
Pleaphase,5,13,25C,P24_26_2,21,11
Pleaphase,5,13,25C,P24_26_3,21,14
Pleaphase,5,13,30C,P24_26_4,21,62
Pleaphase,5,13,30C,P24_26_5,21,47
Pleaphase,5,13,30C,P24_26_6,21,63
Pleaphase,5,14,25C,P24_25_1,21,23
Pleaphase,5,14,25C,P24_25_2,21,38
Pleaphase,5,14,25C,P24_25_3,21,25
Pleaphase,5,14,30C,P24_25_4,21,28
Pleaphase,5,14,30C,P24_25_5,21,19
Pleaphase,5,14,30C,P24_25_6,21,26
Pleaphase,6,15,25C,P3_35_1,21,20
Pleaphase,6,15,25C,P3_35_2,21,10
Pleaphase,6,15,25C,P3_35_3,21,14
Pleaphase,6,15,30C,P3_35_4,21,19
Pleaphase,6,15,30C,P3_35_5,21,14
Pleaphase,6,15,30C,P3_35_6,21,13
Pleaphase,6,16,25C,P3_36_1,21,31
Pleaphase,6,16,25C,P3_36_2,21,20
Pleaphase,6,16,25C,P3_36_3,21,29
Pleaphase,6,16,30C,P3_36_4,21,10
Pleaphase,6,16,30C,P3_36_5,21,32
Pleaphase,6,16,30C,P3_36_6,21,48
Pleaphase,6,17,25C,P3_37_1,21,28
Pleaphase,6,17,25C,P3_37_2,21,24
Pleaphase,6,17,25C,P3_37_3,21,24
Pleaphase,6,17,30C,P3_37_4,21,22
Pleaphase,6,17,30C,P3_37_5,21,51
Pleaphase,6,17,30C,P3_37_6,21,31
Crystal,1,1,25C,C23_1_1,24,30
Crystal,1,1,25C,C23_1_2,24,31
Crystal,1,1,25C,C23_1_3,24,33
Crystal,1,1,30C,C23_1_4,24,37
Crystal,1,1,30C,C23_1_5,24,99
Crystal,1,1,30C,C23_1_6,24,36
Crystal,1,2,25C,C23_2_1,24,18
Crystal,1,2,25C,C23_2_2,24,12
Crystal,1,2,25C,C23_2_3,24,25
Crystal,1,2,30C,C23_2_4,24,100
Crystal,1,2,30C,C23_2_5,24,17
Crystal,1,2,30C,C23_2_6,24,33
Crystal,2,3,25C,C7_17_1,24,39
Crystal,2,3,25C,C7_17_2,24,32
Crystal,2,3,25C,C7_17_3,24,44
Crystal,2,3,30C,C7_17_4,24,26
Crystal,2,3,30C,C7_17_5,24,90
Crystal,2,3,30C,C7_17_6,24,56
Crystal,2,4,25C,C7_18_1,24,27
Crystal,2,4,25C,C7_18_2,24,25
Crystal,2,4,25C,C7_18_3,24,57
Crystal,2,4,30C,C7_18_4,24,46
Crystal,2,4,30C,C7_18_5,24,35
Crystal,2,4,30C,C7_18_6,24,22
Crystal,2,5,25C,C7_19_1,24,34
Crystal,2,5,25C,C7_19_2,24,26
Crystal,2,5,25C,C7_19_3,24,41
Crystal,2,5,30C,C7_19_4,24,51
Crystal,2,5,30C,C7_19_5,24,55
Crystal,2,5,30C,C7_19_6,24,59
Crystal,3,6,25C,C36_72_1,24,29
Crystal,3,6,25C,C36_72_2,24,22
Crystal,3,6,25C,C36_72_3,24,25
Crystal,3,6,30C,C36_72_4,24,87
Crystal,3,6,30C,C36_72_5,24,21
Crystal,3,6,30C,C36_72_6,24,50
Crystal,3,7,25C,C36_73_1,24,6
Crystal,3,7,25C,C36_73_2,24,14
Crystal,3,7,25C,C36_73_3,24,15
Crystal,3,7,30C,C36_73_4,24,28
Crystal,3,7,30C,C36_73_5,24,62
Crystal,3,7,30C,C36_73_6,24,25
Crystal,3,8,25C,C36_74_1,24,26
Crystal,3,8,25C,C36_74_2,24,51
Crystal,3,8,25C,C36_74_3,24,15
Crystal,3,8,30C,C36_74_4,24,43
Crystal,3,8,30C,C36_74_5,24,15
Crystal,3,8,30C,C36_74_6,24,104
Pleaphase,4,9,25C,P36_39_1,24,26
Pleaphase,4,9,25C,P36_39_2,24,22
Pleaphase,4,9,25C,P36_39_3,24,37
Pleaphase,4,9,30C,P36_39_4,24,17
Pleaphase,4,9,30C,P36_39_5,24,31
Pleaphase,4,9,30C,P36_39_6,24,19
Pleaphase,4,10,25C,P36_40_1,24,27
Pleaphase,4,10,25C,P36_40_2,24,34
Pleaphase,4,10,25C,P36_40_3,24,52
Pleaphase,4,10,30C,P36_40_4,24,68
Pleaphase,4,10,30C,P36_40_5,24,23
Pleaphase,4,10,30C,P36_40_6,24,35
Pleaphase,4,11,25C,P36_42_1,24,20
Pleaphase,4,11,25C,P36_42_2,24,33
Pleaphase,4,11,25C,P36_42_3,24,18
Pleaphase,4,11,30C,P36_42_4,24,35
Pleaphase,4,11,30C,P36_42_5,24,43
Pleaphase,4,11,30C,P36_42_6,24,14
Pleaphase,5,12,25C,P24_75_1,24,44
Pleaphase,5,12,25C,P24_75_2,24,27
Pleaphase,5,12,25C,P24_75_3,24,49
Pleaphase,5,12,30C,P24_75_4,24,31
Pleaphase,5,12,30C,P24_75_5,24,28
Pleaphase,5,12,30C,P24_75_6,24,35
Pleaphase,5,13,25C,P24_26_1,24,19
Pleaphase,5,13,25C,P24_26_2,24,38
Pleaphase,5,13,25C,P24_26_3,24,33
Pleaphase,5,13,30C,P24_26_4,24,34
Pleaphase,5,13,30C,P24_26_5,24,72
Pleaphase,5,13,30C,P24_26_6,24,36
Pleaphase,5,14,25C,P24_25_1,24,39
Pleaphase,5,14,25C,P24_25_2,24,31
Pleaphase,5,14,25C,P24_25_3,24,52
Pleaphase,5,14,30C,P24_25_4,24,44
Pleaphase,5,14,30C,P24_25_5,24,26
Pleaphase,5,14,30C,P24_25_6,24,35
Pleaphase,6,15,25C,P3_35_1,24,10
Pleaphase,6,15,25C,P3_35_2,24,18
Pleaphase,6,15,25C,P3_35_3,24,8
Pleaphase,6,15,30C,P3_35_4,24,25
Pleaphase,6,15,30C,P3_35_5,24,22
Pleaphase,6,15,30C,P3_35_6,24,15
Pleaphase,6,16,25C,P3_36_1,24,26
Pleaphase,6,16,25C,P3_36_2,24,22
Pleaphase,6,16,25C,P3_36_3,24,46
Pleaphase,6,16,30C,P3_36_4,24,24
Pleaphase,6,16,30C,P3_36_5,24,28
Pleaphase,6,16,30C,P3_36_6,24,81
Pleaphase,6,17,25C,P3_37_1,24,44
Pleaphase,6,17,25C,P3_37_2,24,18
Pleaphase,6,17,25C,P3_37_3,24,21
Pleaphase,6,17,30C,P3_37_4,24,18
Pleaphase,6,17,30C,P3_37_5,24,15
Pleaphase,6,17,30C,P3_37_6,24,41
Crystal,1,1,25C,C23_1_1,27,22
Crystal,1,1,25C,C23_1_2,27,53
Crystal,1,1,25C,C23_1_3,27,18
Crystal,1,1,30C,C23_1_4,27,35
Crystal,1,1,30C,C23_1_5,27,24
Crystal,1,1,30C,C23_1_6,27,20
Crystal,1,2,25C,C23_2_1,27,18
Crystal,1,2,25C,C23_2_2,27,14
Crystal,1,2,25C,C23_2_3,27,36
Crystal,1,2,30C,C23_2_4,27,10
Crystal,1,2,30C,C23_2_5,27,14
Crystal,1,2,30C,C23_2_6,27,24
Crystal,2,3,25C,C7_17_1,27,24
Crystal,2,3,25C,C7_17_2,27,59
Crystal,2,3,25C,C7_17_3,27,51
Crystal,2,3,30C,C7_17_4,27,20
Crystal,2,3,30C,C7_17_5,27,45
Crystal,2,3,30C,C7_17_6,27,62
Crystal,2,4,25C,C7_18_1,27,45
Crystal,2,4,25C,C7_18_2,27,29
Crystal,2,4,25C,C7_18_3,27,44
Crystal,2,4,30C,C7_18_4,27,39
Crystal,2,4,30C,C7_18_5,27,70
Crystal,2,4,30C,C7_18_6,27,35
Crystal,2,5,25C,C7_19_1,27,43
Crystal,2,5,25C,C7_19_2,27,38
Crystal,2,5,25C,C7_19_3,27,23
Crystal,2,5,30C,C7_19_4,27,52
Crystal,2,5,30C,C7_19_5,27,24
Crystal,2,5,30C,C7_19_6,27,56
Crystal,3,6,25C,C36_72_1,27,25
Crystal,3,6,25C,C36_72_2,27,35
Crystal,3,6,25C,C36_72_3,27,49
Crystal,3,6,30C,C36_72_4,27,33
Crystal,3,6,30C,C36_72_5,27,14
Crystal,3,6,30C,C36_72_6,27,30
Crystal,3,7,25C,C36_73_1,27,40
Crystal,3,7,25C,C36_73_2,27,43
Crystal,3,7,25C,C36_73_3,27,33
Crystal,3,7,30C,C36_73_4,27,21
Crystal,3,7,30C,C36_73_5,27,19
Crystal,3,7,30C,C36_73_6,27,42
Crystal,3,8,25C,C36_74_1,27,29
Crystal,3,8,25C,C36_74_2,27,35
Crystal,3,8,25C,C36_74_3,27,16
Crystal,3,8,30C,C36_74_4,27,57
Crystal,3,8,30C,C36_74_5,27,46
Crystal,3,8,30C,C36_74_6,27,36
Pleaphase,4,9,25C,P36_39_1,27,23
Pleaphase,4,9,25C,P36_39_2,27,37
Pleaphase,4,9,25C,P36_39_3,27,49
Pleaphase,4,9,30C,P36_39_4,27,24
Pleaphase,4,9,30C,P36_39_5,27,27
Pleaphase,4,9,30C,P36_39_6,27,34
Pleaphase,4,10,25C,P36_40_1,27,59
Pleaphase,4,10,25C,P36_40_2,27,42
Pleaphase,4,10,25C,P36_40_3,27,30
Pleaphase,4,10,30C,P36_40_4,27,43
Pleaphase,4,10,30C,P36_40_5,27,34
Pleaphase,4,10,30C,P36_40_6,27,51
Pleaphase,4,11,25C,P36_42_1,27,37
Pleaphase,4,11,25C,P36_42_2,27,52
Pleaphase,4,11,25C,P36_42_3,27,65
Pleaphase,4,11,30C,P36_42_4,27,43
Pleaphase,4,11,30C,P36_42_5,27,29
Pleaphase,4,11,30C,P36_42_6,27,40
Pleaphase,5,12,25C,P24_75_1,27,48
Pleaphase,5,12,25C,P24_75_2,27,53
Pleaphase,5,12,25C,P24_75_3,27,66
Pleaphase,5,12,30C,P24_75_4,27,32
Pleaphase,5,12,30C,P24_75_5,27,42
Pleaphase,5,12,30C,P24_75_6,27,40
Pleaphase,5,13,25C,P24_26_1,27,29
Pleaphase,5,13,25C,P24_26_2,27,34
Pleaphase,5,13,25C,P24_26_3,27,51
Pleaphase,5,13,30C,P24_26_4,27,48
Pleaphase,5,13,30C,P24_26_5,27,27
Pleaphase,5,13,30C,P24_26_6,27,54
Pleaphase,5,14,25C,P24_25_1,27,60
Pleaphase,5,14,25C,P24_25_2,27,32
Pleaphase,5,14,25C,P24_25_3,27,66
Pleaphase,5,14,30C,P24_25_4,27,21
Pleaphase,5,14,30C,P24_25_5,27,70
Pleaphase,5,14,30C,P24_25_6,27,34
Pleaphase,6,15,25C,P3_35_1,27,31
Pleaphase,6,15,25C,P3_35_2,27,29
Pleaphase,6,15,25C,P3_35_3,27,30
Pleaphase,6,15,30C,P3_35_4,27,45
Pleaphase,6,15,30C,P3_35_5,27,23
Pleaphase,6,15,30C,P3_35_6,27,21
Pleaphase,6,16,25C,P3_36_1,27,66
Pleaphase,6,16,25C,P3_36_2,27,48
Pleaphase,6,16,25C,P3_36_3,27,62
Pleaphase,6,16,30C,P3_36_4,27,26
Pleaphase,6,16,30C,P3_36_5,27,39
Pleaphase,6,16,30C,P3_36_6,27,66
Pleaphase,6,17,25C,P3_37_1,27,56
Pleaphase,6,17,25C,P3_37_2,27,52
Pleaphase,6,17,25C,P3_37_3,27,45
Pleaphase,6,17,30C,P3_37_4,27,48
Pleaphase,6,17,30C,P3_37_5,27,53
Pleaphase,6,17,30C,P3_37_6,27,44
Crystal,1,1,25C,C23_1_1,30,41
Crystal,1,1,25C,C23_1_2,30,47
Crystal,1,1,25C,C23_1_3,30,28
Crystal,1,1,30C,C23_1_4,30,37
Crystal,1,1,30C,C23_1_5,30,48
Crystal,1,1,30C,C23_1_6,30,61
Crystal,1,2,25C,C23_2_1,30,34
Crystal,1,2,25C,C23_2_2,30,24
Crystal,1,2,25C,C23_2_3,30,29
Crystal,1,2,30C,C23_2_4,30,32
Crystal,1,2,30C,C23_2_5,30,16
Crystal,1,2,30C,C23_2_6,30,44
Crystal,2,3,25C,C7_17_1,30,43
Crystal,2,3,25C,C7_17_2,30,41
Crystal,2,3,25C,C7_17_3,30,31
Crystal,2,3,30C,C7_17_4,30,37
Crystal,2,3,30C,C7_17_5,30,40
Crystal,2,3,30C,C7_17_6,30,58
Crystal,2,4,25C,C7_18_1,30,42
Crystal,2,4,25C,C7_18_2,30,25
Crystal,2,4,25C,C7_18_3,30,43
Crystal,2,4,30C,C7_18_4,30,46
Crystal,2,4,30C,C7_18_5,30,59
Crystal,2,4,30C,C7_18_6,30,38
Crystal,2,5,25C,C7_19_1,30,38
Crystal,2,5,25C,C7_19_2,30,28
Crystal,2,5,25C,C7_19_3,30,40
Crystal,2,5,30C,C7_19_4,30,19
Crystal,2,5,30C,C7_19_5,30,39
Crystal,2,5,30C,C7_19_6,30,64
Crystal,3,6,25C,C36_72_1,30,29
Crystal,3,6,25C,C36_72_2,30,9
Crystal,3,6,25C,C36_72_3,30,58
Crystal,3,6,30C,C36_72_4,30,30
Crystal,3,6,30C,C36_72_5,30,13
Crystal,3,6,30C,C36_72_6,30,20
Crystal,3,7,25C,C36_73_1,30,28
Crystal,3,7,25C,C36_73_2,30,15
Crystal,3,7,25C,C36_73_3,30,32
Crystal,3,7,30C,C36_73_4,30,55
Crystal,3,7,30C,C36_73_5,30,50
Crystal,3,7,30C,C36_73_6,30,42
Crystal,3,8,25C,C36_74_1,30,46
Crystal,3,8,25C,C36_74_2,30,39
Crystal,3,8,25C,C36_74_3,30,15
Crystal,3,8,30C,C36_74_4,30,32
Crystal,3,8,30C,C36_74_5,30,55
Crystal,3,8,30C,C36_74_6,30,49
Pleaphase,4,9,25C,P36_39_1,30,23
Pleaphase,4,9,25C,P36_39_2,30,33
Pleaphase,4,9,25C,P36_39_3,30,44
Pleaphase,4,9,30C,P36_39_4,30,19
Pleaphase,4,9,30C,P36_39_5,30,30
Pleaphase,4,9,30C,P36_39_6,30,34
Pleaphase,4,10,25C,P36_40_1,30,51
Pleaphase,4,10,25C,P36_40_2,30,36
Pleaphase,4,10,25C,P36_40_3,30,29
Pleaphase,4,10,30C,P36_40_4,30,84
Pleaphase,4,10,30C,P36_40_5,30,37
Pleaphase,4,10,30C,P36_40_6,30,59
Pleaphase,4,11,25C,P36_42_1,30,25
Pleaphase,4,11,25C,P36_42_2,30,32
Pleaphase,4,11,25C,P36_42_3,30,31
Pleaphase,4,11,30C,P36_42_4,30,26
Pleaphase,4,11,30C,P36_42_5,30,36
Pleaphase,4,11,30C,P36_42_6,30,32
Pleaphase,5,12,25C,P24_75_1,30,49
Pleaphase,5,12,25C,P24_75_2,30,45
Pleaphase,5,12,25C,P24_75_3,30,20
Pleaphase,5,12,30C,P24_75_4,30,31
Pleaphase,5,12,30C,P24_75_5,30,35
Pleaphase,5,12,30C,P24_75_6,30,89
Pleaphase,5,13,25C,P24_26_1,30,19
Pleaphase,5,13,25C,P24_26_2,30,44
Pleaphase,5,13,25C,P24_26_3,30,32
Pleaphase,5,13,30C,P24_26_4,30,56
Pleaphase,5,13,30C,P24_26_5,30,69
Pleaphase,5,13,30C,P24_26_6,30,89
Pleaphase,5,14,25C,P24_25_1,30,22
Pleaphase,5,14,25C,P24_25_2,30,46
Pleaphase,5,14,25C,P24_25_3,30,56
Pleaphase,5,14,30C,P24_25_4,30,58
Pleaphase,5,14,30C,P24_25_5,30,36
Pleaphase,5,14,30C,P24_25_6,30,30
Pleaphase,6,15,25C,P3_35_1,30,22
Pleaphase,6,15,25C,P3_35_2,30,38
Pleaphase,6,15,25C,P3_35_3,30,27
Pleaphase,6,15,30C,P3_35_4,30,51
Pleaphase,6,15,30C,P3_35_5,30,13
Pleaphase,6,15,30C,P3_35_6,30,42
Pleaphase,6,16,25C,P3_36_1,30,43
Pleaphase,6,16,25C,P3_36_2,30,39
Pleaphase,6,16,25C,P3_36_3,30,28
Pleaphase,6,16,30C,P3_36_4,30,34
Pleaphase,6,16,30C,P3_36_5,30,56
Pleaphase,6,16,30C,P3_36_6,30,80
Pleaphase,6,17,25C,P3_37_1,30,44
Pleaphase,6,17,25C,P3_37_2,30,23
Pleaphase,6,17,25C,P3_37_3,30,48
Pleaphase,6,17,30C,P3_37_4,30,57
Pleaphase,6,17,30C,P3_37_5,30,34
Pleaphase,6,17,30C,P3_37_6,30,49
Crystal,1,1,25C,C23_1_1,33,29
Crystal,1,1,25C,C23_1_2,33,91
Crystal,1,1,25C,C23_1_3,33,71
Crystal,1,1,30C,C23_1_4,33,19
Crystal,1,1,30C,C23_1_5,33,17
Crystal,1,1,30C,C23_1_6,33,31
Crystal,1,2,25C,C23_2_1,33,60
Crystal,1,2,25C,C23_2_2,33,70
Crystal,1,2,25C,C23_2_3,33,55
Crystal,1,2,30C,C23_2_4,33,23
Crystal,1,2,30C,C23_2_5,33,7
Crystal,1,2,30C,C23_2_6,33,55
Crystal,2,3,25C,C7_17_1,33,63
Crystal,2,3,25C,C7_17_2,33,62
Crystal,2,3,25C,C7_17_3,33,63
Crystal,2,3,30C,C7_17_4,33,36
Crystal,2,3,30C,C7_17_5,33,68
Crystal,2,3,30C,C7_17_6,33,36
Crystal,2,4,25C,C7_18_1,33,88
Crystal,2,4,25C,C7_18_2,33,66
Crystal,2,4,25C,C7_18_3,33,113
Crystal,2,4,30C,C7_18_4,33,77
Crystal,2,4,30C,C7_18_5,33,55
Crystal,2,4,30C,C7_18_6,33,32
Crystal,2,5,25C,C7_19_1,33,52
Crystal,2,5,25C,C7_19_2,33,77
Crystal,2,5,25C,C7_19_3,33,45
Crystal,2,5,30C,C7_19_4,33,48
Crystal,2,5,30C,C7_19_5,33,35
Crystal,2,5,30C,C7_19_6,33,52
Crystal,3,6,25C,C36_72_1,33,56
Crystal,3,6,25C,C36_72_2,33,88
Crystal,3,6,25C,C36_72_3,33,95
Crystal,3,6,30C,C36_72_4,33,17
Crystal,3,6,30C,C36_72_5,33,13
Crystal,3,6,30C,C36_72_6,33,31
Crystal,3,7,25C,C36_73_1,33,110
Crystal,3,7,25C,C36_73_2,33,64
Crystal,3,7,25C,C36_73_3,33,50
Crystal,3,7,30C,C36_73_4,33,44
Crystal,3,7,30C,C36_73_5,33,50
Crystal,3,7,30C,C36_73_6,33,38
Crystal,3,8,25C,C36_74_1,33,61
Crystal,3,8,25C,C36_74_2,33,72
Crystal,3,8,25C,C36_74_3,33,55
Crystal,3,8,30C,C36_74_4,33,29
Crystal,3,8,30C,C36_74_5,33,38
Crystal,3,8,30C,C36_74_6,33,54
Pleaphase,4,9,25C,P36_39_1,33,53
Pleaphase,4,9,25C,P36_39_2,33,47
Pleaphase,4,9,25C,P36_39_3,33,58
Pleaphase,4,9,30C,P36_39_4,33,18
Pleaphase,4,9,30C,P36_39_5,33,92
Pleaphase,4,9,30C,P36_39_6,33,52
Pleaphase,4,10,25C,P36_40_1,33,49
Pleaphase,4,10,25C,P36_40_2,33,75
Pleaphase,4,10,25C,P36_40_3,33,64
Pleaphase,4,10,30C,P36_40_4,33,33
Pleaphase,4,10,30C,P36_40_5,33,39
Pleaphase,4,10,30C,P36_40_6,33,55
Pleaphase,4,11,25C,P36_42_1,33,80
Pleaphase,4,11,25C,P36_42_2,33,71
Pleaphase,4,11,25C,P36_42_3,33,75
Pleaphase,4,11,30C,P36_42_4,33,43
Pleaphase,4,11,30C,P36_42_5,33,42
Pleaphase,4,11,30C,P36_42_6,33,19
Pleaphase,5,12,25C,P24_75_1,33,96
Pleaphase,5,12,25C,P24_75_2,33,67
Pleaphase,5,12,25C,P24_75_3,33,38
Pleaphase,5,12,30C,P24_75_4,33,37
Pleaphase,5,12,30C,P24_75_5,33,26
Pleaphase,5,12,30C,P24_75_6,33,37
Pleaphase,5,13,25C,P24_26_1,33,54
Pleaphase,5,13,25C,P24_26_2,33,49
Pleaphase,5,13,25C,P24_26_3,33,56
Pleaphase,5,13,30C,P24_26_4,33,33
Pleaphase,5,13,30C,P24_26_5,33,38
Pleaphase,5,13,30C,P24_26_6,33,42
Pleaphase,5,14,25C,P24_25_1,33,76
Pleaphase,5,14,25C,P24_25_2,33,89
Pleaphase,5,14,25C,P24_25_3,33,46
Pleaphase,5,14,30C,P24_25_4,33,62
Pleaphase,5,14,30C,P24_25_5,33,31
Pleaphase,5,14,30C,P24_25_6,33,23
Pleaphase,6,15,25C,P3_35_1,33,54
Pleaphase,6,15,25C,P3_35_2,33,75
Pleaphase,6,15,25C,P3_35_3,33,47
Pleaphase,6,15,30C,P3_35_4,33,33
Pleaphase,6,15,30C,P3_35_5,33,22
Pleaphase,6,15,30C,P3_35_6,33,42
Pleaphase,6,16,25C,P3_36_1,33,70
Pleaphase,6,16,25C,P3_36_2,33,67
Pleaphase,6,16,25C,P3_36_3,33,74
Pleaphase,6,16,30C,P3_36_4,33,44
Pleaphase,6,16,30C,P3_36_5,33,66
Pleaphase,6,16,30C,P3_36_6,33,41
Pleaphase,6,17,25C,P3_37_1,33,67
Pleaphase,6,17,25C,P3_37_2,33,68
Pleaphase,6,17,25C,P3_37_3,33,60
Pleaphase,6,17,30C,P3_37_4,33,41
Pleaphase,6,17,30C,P3_37_5,33,39
Pleaphase,6,17,30C,P3_37_6,33,38
Crystal,1,1,25C,C23_1_1,36,51
Crystal,1,1,25C,C23_1_2,36,53
Crystal,1,1,25C,C23_1_3,36,55
Crystal,1,1,30C,C23_1_4,36,39
Crystal,1,1,30C,C23_1_5,36,49
Crystal,1,1,30C,C23_1_6,36,36
Crystal,1,2,25C,C23_2_1,36,30
Crystal,1,2,25C,C23_2_2,36,37
Crystal,1,2,25C,C23_2_3,36,64
Crystal,1,2,30C,C23_2_4,36,25
Crystal,1,2,30C,C23_2_5,36,29
Crystal,1,2,30C,C23_2_6,36,26
Crystal,2,3,25C,C7_17_1,36,77
Crystal,2,3,25C,C7_17_2,36,67
Crystal,2,3,25C,C7_17_3,36,56
Crystal,2,3,30C,C7_17_4,36,44
Crystal,2,3,30C,C7_17_5,36,58
Crystal,2,3,30C,C7_17_6,36,39
Crystal,2,4,25C,C7_18_1,36,80
Crystal,2,4,25C,C7_18_2,36,71
Crystal,2,4,25C,C7_18_3,36,70
Crystal,2,4,30C,C7_18_4,36,98
Crystal,2,4,30C,C7_18_5,36,77
Crystal,2,4,30C,C7_18_6,36,52
Crystal,2,5,25C,C7_19_1,36,65
Crystal,2,5,25C,C7_19_2,36,69
Crystal,2,5,25C,C7_19_3,36,85
Crystal,2,5,30C,C7_19_4,36,55
Crystal,2,5,30C,C7_19_5,36,47
Crystal,2,5,30C,C7_19_6,36,71
Crystal,3,6,25C,C36_72_1,36,51
Crystal,3,6,25C,C36_72_2,36,54
Crystal,3,6,25C,C36_72_3,36,53
Crystal,3,6,30C,C36_72_4,36,39
Crystal,3,6,30C,C36_72_5,36,49
Crystal,3,6,30C,C36_72_6,36,53
Crystal,3,7,25C,C36_73_1,36,69
Crystal,3,7,25C,C36_73_2,36,71
Crystal,3,7,25C,C36_73_3,36,53
Crystal,3,7,30C,C36_73_4,36,39
Crystal,3,7,30C,C36_73_5,36,30
Crystal,3,7,30C,C36_73_6,36,67
Crystal,3,8,25C,C36_74_1,36,55
Crystal,3,8,25C,C36_74_2,36,33
Crystal,3,8,25C,C36_74_3,36,46
Crystal,3,8,30C,C36_74_4,36,12
Crystal,3,8,30C,C36_74_5,36,88
Crystal,3,8,30C,C36_74_6,36,34
Pleaphase,4,9,25C,P36_39_1,36,44
Pleaphase,4,9,25C,P36_39_2,36,79
Pleaphase,4,9,25C,P36_39_3,36,53
Pleaphase,4,9,30C,P36_39_4,36,63
Pleaphase,4,9,30C,P36_39_5,36,53
Pleaphase,4,9,30C,P36_39_6,36,52
Pleaphase,4,10,25C,P36_40_1,36,74
Pleaphase,4,10,25C,P36_40_2,36,67
Pleaphase,4,10,25C,P36_40_3,36,58
Pleaphase,4,10,30C,P36_40_4,36,70
Pleaphase,4,10,30C,P36_40_5,36,31
Pleaphase,4,10,30C,P36_40_6,36,85
Pleaphase,4,11,25C,P36_42_1,36,61
Pleaphase,4,11,25C,P36_42_2,36,68
Pleaphase,4,11,25C,P36_42_3,36,52
Pleaphase,4,11,30C,P36_42_4,36,52
Pleaphase,4,11,30C,P36_42_5,36,28
Pleaphase,4,11,30C,P36_42_6,36,57
Pleaphase,5,12,25C,P24_75_1,36,76
Pleaphase,5,12,25C,P24_75_2,36,68
Pleaphase,5,12,25C,P24_75_3,36,79
Pleaphase,5,12,30C,P24_75_4,36,48
Pleaphase,5,12,30C,P24_75_5,36,56
Pleaphase,5,12,30C,P24_75_6,36,70
Pleaphase,5,13,25C,P24_26_1,36,57
Pleaphase,5,13,25C,P24_26_2,36,49
Pleaphase,5,13,25C,P24_26_3,36,54
Pleaphase,5,13,30C,P24_26_4,36,40
Pleaphase,5,13,30C,P24_26_5,36,53
Pleaphase,5,13,30C,P24_26_6,36,35
Pleaphase,5,14,25C,P24_25_1,36,82
Pleaphase,5,14,25C,P24_25_2,36,81
Pleaphase,5,14,25C,P24_25_3,36,94
Pleaphase,5,14,30C,P24_25_4,36,90
Pleaphase,5,14,30C,P24_25_5,36,42
Pleaphase,5,14,30C,P24_25_6,36,40
Pleaphase,6,15,25C,P3_35_1,36,39
Pleaphase,6,15,25C,P3_35_2,36,48
Pleaphase,6,15,25C,P3_35_3,36,55
Pleaphase,6,15,30C,P3_35_4,36,49
Pleaphase,6,15,30C,P3_35_5,36,45
Pleaphase,6,15,30C,P3_35_6,36,53
Pleaphase,6,16,25C,P3_36_1,36,63
Pleaphase,6,16,25C,P3_36_2,36,58
Pleaphase,6,16,25C,P3_36_3,36,59
Pleaphase,6,16,30C,P3_36_4,36,54
Pleaphase,6,16,30C,P3_36_5,36,96
Pleaphase,6,16,30C,P3_36_6,36,109
Pleaphase,6,17,25C,P3_37_1,36,85
Pleaphase,6,17,25C,P3_37_2,36,52
Pleaphase,6,17,25C,P3_37_3,36,69
Pleaphase,6,17,30C,P3_37_4,36,56
Pleaphase,6,17,30C,P3_37_5,36,42
Pleaphase,6,17,30C,P3_37_6,36,69
Crystal,1,1,25C,C23_1_1,39,56
Crystal,1,1,25C,C23_1_2,39,36
Crystal,1,1,25C,C23_1_3,39,50
Crystal,1,1,30C,C23_1_4,39,48
Crystal,1,1,30C,C23_1_5,39,81
Crystal,1,1,30C,C23_1_6,39,45
Crystal,1,2,25C,C23_2_1,39,67
Crystal,1,2,25C,C23_2_2,39,54
Crystal,1,2,25C,C23_2_3,39,56
Crystal,1,2,30C,C23_2_4,39,16
Crystal,1,2,30C,C23_2_5,39,86
Crystal,1,2,30C,C23_2_6,39,37
Crystal,2,3,25C,C7_17_1,39,59
Crystal,2,3,25C,C7_17_2,39,56
Crystal,2,3,25C,C7_17_3,39,90
Crystal,2,3,30C,C7_17_4,39,48
Crystal,2,3,30C,C7_17_5,39,93
Crystal,2,3,30C,C7_17_6,39,36
Crystal,2,4,25C,C7_18_1,39,68
Crystal,2,4,25C,C7_18_2,39,85
Crystal,2,4,25C,C7_18_3,39,70
Crystal,2,4,30C,C7_18_4,39,91
Crystal,2,4,30C,C7_18_5,39,71
Crystal,2,4,30C,C7_18_6,39,66
Crystal,2,5,25C,C7_19_1,39,92
Crystal,2,5,25C,C7_19_2,39,69
Crystal,2,5,25C,C7_19_3,39,54
Crystal,2,5,30C,C7_19_4,39,100
Crystal,2,5,30C,C7_19_5,39,52
Crystal,2,5,30C,C7_19_6,39,78
Crystal,3,6,25C,C36_72_1,39,97
Crystal,3,6,25C,C36_72_2,39,58
Crystal,3,6,25C,C36_72_3,39,54
Crystal,3,6,30C,C36_72_4,39,79
Crystal,3,6,30C,C36_72_5,39,12
Crystal,3,6,30C,C36_72_6,39,18
Crystal,3,7,25C,C36_73_1,39,55
Crystal,3,7,25C,C36_73_2,39,45
Crystal,3,7,25C,C36_73_3,39,56
Crystal,3,7,30C,C36_73_4,39,30
Crystal,3,7,30C,C36_73_5,39,20
Crystal,3,7,30C,C36_73_6,39,61
Crystal,3,8,25C,C36_74_1,39,67
Crystal,3,8,25C,C36_74_2,39,50
Crystal,3,8,25C,C36_74_3,39,49
Crystal,3,8,30C,C36_74_4,39,35
Crystal,3,8,30C,C36_74_5,39,97
Crystal,3,8,30C,C36_74_6,39,70
Pleaphase,4,9,25C,P36_39_1,39,54
Pleaphase,4,9,25C,P36_39_2,39,71
Pleaphase,4,9,25C,P36_39_3,39,48
Pleaphase,4,9,30C,P36_39_4,39,25
Pleaphase,4,9,30C,P36_39_5,39,58
Pleaphase,4,9,30C,P36_39_6,39,82
Pleaphase,4,10,25C,P36_40_1,39,65
Pleaphase,4,10,25C,P36_40_2,39,82
Pleaphase,4,10,25C,P36_40_3,39,63
Pleaphase,4,10,30C,P36_40_4,39,45
Pleaphase,4,10,30C,P36_40_5,39,36
Pleaphase,4,10,30C,P36_40_6,39,78
Pleaphase,4,11,25C,P36_42_1,39,82
Pleaphase,4,11,25C,P36_42_2,39,74
Pleaphase,4,11,25C,P36_42_3,39,60
Pleaphase,4,11,30C,P36_42_4,39,62
Pleaphase,4,11,30C,P36_42_5,39,54
Pleaphase,4,11,30C,P36_42_6,39,46
Pleaphase,5,12,25C,P24_75_1,39,61
Pleaphase,5,12,25C,P24_75_2,39,75
Pleaphase,5,12,25C,P24_75_3,39,78
Pleaphase,5,12,30C,P24_75_4,39,43
Pleaphase,5,12,30C,P24_75_5,39,45
Pleaphase,5,12,30C,P24_75_6,39,57
Pleaphase,5,13,25C,P24_26_1,39,68
Pleaphase,5,13,25C,P24_26_2,39,52
Pleaphase,5,13,25C,P24_26_3,39,52
Pleaphase,5,13,30C,P24_26_4,39,89
Pleaphase,5,13,30C,P24_26_5,39,64
Pleaphase,5,13,30C,P24_26_6,39,59
Pleaphase,5,14,25C,P24_25_1,39,47
Pleaphase,5,14,25C,P24_25_2,39,66
Pleaphase,5,14,25C,P24_25_3,39,102
Pleaphase,5,14,30C,P24_25_4,39,56
Pleaphase,5,14,30C,P24_25_5,39,41
Pleaphase,5,14,30C,P24_25_6,39,31
Pleaphase,6,15,25C,P3_35_1,39,33
Pleaphase,6,15,25C,P3_35_2,39,67
Pleaphase,6,15,25C,P3_35_3,39,48
Pleaphase,6,15,30C,P3_35_4,39,73
Pleaphase,6,15,30C,P3_35_5,39,23
Pleaphase,6,15,30C,P3_35_6,39,48
Pleaphase,6,16,25C,P3_36_1,39,94
Pleaphase,6,16,25C,P3_36_2,39,94
Pleaphase,6,16,25C,P3_36_3,39,118
Pleaphase,6,16,30C,P3_36_4,39,61
Pleaphase,6,16,30C,P3_36_5,39,82
Pleaphase,6,16,30C,P3_36_6,39,61
Pleaphase,6,17,25C,P3_37_1,39,63
Pleaphase,6,17,25C,P3_37_2,39,82
Pleaphase,6,17,25C,P3_37_3,39,37
Pleaphase,6,17,30C,P3_37_4,39,45
Pleaphase,6,17,30C,P3_37_5,39,39
Pleaphase,6,17,30C,P3_37_6,39,73
